Institucion,Organismo responsable,Expediente,Fecha,Tipo,Objeto,Procedimiento,Ambito_geografico,Materias_CPV,nif_licitador,valor_estimado_licitacion,nombre_poder_adjudicador,nif_adjudicador,nombre_adjudicatario,nif_adjudicatario,valor_oferta_adjudicada,verificacion_organismo,Enlace HTML
CORTES GENERALES,Junta de Coordinación del Defensor del Pueblo,2024Rg800348.,27/12/2024,Licitación,Servicio de limpieza integral en las sedes del Defensor del Pueblo.,Abierto,Comunidad de Madrid,"90000000 Servicios de alcantarillado, basura, limpieza y medio ambiente",S2804005C.,"1.683.926,86 euros.",No disponible,No disponible,No disponible,No disponible,No disponible,No comprobado,https://www.boe.es/diario_boe/txt.php?id=BOE-B-2024-47358
"MINISTERIO DE LA PRESIDENCIA, JUSTICIA Y RELACIONES CON LAS CORTES",Subdirección General de Gestión Económica,0SEC20240101.,27/12/2024,Contratación,Servicio de mantenimiento del sistema de recepción y distribución de la señal de TV en el Complejo La Moncloa.,Abierto,Nacional,50300000 Servicios de reparación y mantenimiento,No disponible,No disponible,Subdirección General de Gestión Económica.,S2811001C.,FERMALUX S.L.,B78800380.,"12.537,30 euros.",OK,https://www.boe.es/diario_boe/txt.php?id=BOE-B-2024-47359
MINISTERIO DE DEFENSA,Jefatura de Asuntos Económicos del CG de la Comandancia Gral,2024/ETSAE0287/00001104E.,27/12/2024,Contratación,Tramitación Anticipada Mantenimiento de Grupos Electrógenos de emergencia de las Instalaciones de la Base Tte. Flomesta - Melilla.,Abierto,Ciudad de Melilla,50700000 Servicios de reparación y mantenimiento 50800000 Servicios de reparación y mantenimiento,No disponible,No disponible,Jefatura de Asuntos Económicos del CG de la Comandancia Gral. de Melilla.,S2930028B.,FDS MELILLA S.L.,B16914715.,"18.898,00 euros.",OK,https://www.boe.es/diario_boe/txt.php?id=BOE-B-2024-47360
MINISTERIO DE DEFENSA,Intendente de Cartagena,2024/AR44U/00003746E.,27/12/2024,Contratación,JEMAN.- Contrato para realización de trabajos de varada y de pintura del buque Hespérides en el Arsenal Militar de Cartagena.,Negociado sin publicidad,Región de Murcia,50600000 Servicios de reparación y mantenimiento,No disponible,No disponible,Intendente de Cartagena.,S3015002C.,NAVANTIA S.A.,A84076397.,"1.100.000,00 euros.",OK,https://www.boe.es/diario_boe/txt.php?id=BOE-B-2024-47361
MINISTERIO DE DEFENSA,Dirección General del INTA,582024052100.,27/12/2024,Contratación,Instrumentación para el laboratorio de efectores móvil CETEDEX.,Abierto,Comunidad de Madrid,"31000000 Máquinas, aparatos, equipo y productos consumibles eléctricos; iluminación",No disponible,No disponible,Dirección General del INTA.,Q2822003F.,ALAVA INGENIEROS S.A.,A28570190.,"196.900,00 euros.",OK,https://www.boe.es/diario_boe/txt.php?id=BOE-B-2024-47362
MINISTERIO DE DEFENSA,Jefatura de Intendencia de Asuntos Económicos Oeste,2024/ETSAE0427/00004385E.,27/12/2024,Contratación,Concesión Bar y Cafetería Acto. Cabo Noval desde 01ENE25 hasta 31DIC26 (prorrogable 3 años).,No disponible,Principado de Asturias,55000000 Servicios comerciales al por menor de hostelería y restauración,No disponible,No disponible,Jefatura de Intendencia de Asuntos Económicos Oeste.,S1530010F.,"SIDRERIAS EL MALLU, S.L.",B74438706.,"0,00 euros.",OK,https://www.boe.es/diario_boe/txt.php?id=BOE-B-2024-47363
MINISTERIO DE DEFENSA,Subdirección General de Servicios Económicos y Pagadurías,2024/SP01010020/00001212E.,27/12/2024,Licitación,"Contratación de la vigilancia de la salud individual, para todo el personal que presta su servicio en el Ministerio de Defensa.",Abierto,Comunidad de Madrid,85000000 Servicios de salud y asistencia social,S2800506D.,No disponible,No disponible,No disponible,No disponible,No disponible,No disponible,No comprobado,https://www.boe.es/diario_boe/txt.php?id=BOE-B-2024-47364
MINISTERIO DE DEFENSA,Intendente de Cartagena,2024/AR44U/00003745E.,27/12/2024,Contratación,OTACV.-Contrato de servicios de adiestramiento en mantenimiento y operación de los sistemas electrónicos y electroópticos de los submarinos de la serie S-80 del Arsenal de Cartagena.,Negociado sin publicidad,Región de Murcia,50800000 Servicios de reparación y mantenimiento,No disponible,No disponible,Intendente de Cartagena.,S3015002C.,"INDRA SISTEMAS, S.A.",A28599033.,"1.033.057,85 euros.",OK,https://www.boe.es/diario_boe/txt.php?id=BOE-B-2024-47365
MINISTERIO DE DEFENSA,Jefatura de Intendencia de Asuntos Económicos Sur,2024/ETSAE0226/00008845E.,27/12/2024,Contratación,Servicio de Impartición de Clases para el XXI Curso de Técnico Militar en Seguridad y Defensa del ET 2025.,No disponible,Extremadura,80000000 Servicios de enseñanza y formación,No disponible,No disponible,Jefatura de Intendencia de Asuntos Económicos Sur.,S4130025B.,"FOREMPLEX, S.L.U.",B10439339.,"20.800,00 euros.",OK,https://www.boe.es/diario_boe/txt.php?id=BOE-B-2024-47366
MINISTERIO DE DEFENSA,Dirección General del INTA,582024073500.,27/12/2024,Contratación,Electretes y cámaras para medición gas radón.,Abierto,Comunidad de Madrid,"38000000 Equipo de laboratorio, óptico y de precisión (excepto gafas)",No disponible,No disponible,Dirección General del INTA.,Q2822003F.,"APUS GLOBAL, S.L.",B10934016.,"127.777,00 euros.",OK,https://www.boe.es/diario_boe/txt.php?id=BOE-B-2024-47367
MINISTERIO DE DEFENSA,Sección de Asuntos Económicos del Parque y Centro de Mantenimiento de Sistemas Acorazados 2,2023/ETSAE0441/00000465E.,27/12/2024,Contratación,"Adquisición insecticidas y repelentes para perros del E.T. usos veterinarios OMP,s.",Abierto,Castilla y León,24000000 Productos químicos,No disponible,No disponible,Sección de Asuntos Económicos del Parque y Centro de Mantenimiento de Sistemas Acorazados 2.,S4030007A.,"CONSORCIO MERCANTIL DE HUESCA, S.L.",B22184501.,"43.150,00 euros.",OK,https://www.boe.es/diario_boe/txt.php?id=BOE-B-2024-47368
MINISTERIO DE DEFENSA,Sección de Asuntos Económicos del Parque y Centro de Mantenimiento de Sistemas Acorazados 2,2023/ETSAE0441/00000466E.,27/12/2024,Contratación,"Adquisición de material de control medioambiental para OMP,s.",Abierto,Castilla y León,"33100000 Equipamiento y artículos médicos, farmacéuticos y de higiene personal",No disponible,No disponible,Sección de Asuntos Económicos del Parque y Centro de Mantenimiento de Sistemas Acorazados 2.,S4030007A.,REIMEDICAL SL.,B80102015.,"48.446,00 euros.",OK,https://www.boe.es/diario_boe/txt.php?id=BOE-B-2024-47369
MINISTERIO DE DEFENSA,Sección de Asuntos Económicos del Parque y Centro de Mantenimiento de Sistemas Acorazados 2,2023/ETSAE0441/00000467E.,27/12/2024,Contratación,"Adquisición de material para control sanitario de aguas para OMP,s.",Abierto,Castilla y León,"33100000 Equipamiento y artículos médicos, farmacéuticos y de higiene personal",No disponible,No disponible,Sección de Asuntos Económicos del Parque y Centro de Mantenimiento de Sistemas Acorazados 2.,S4030007A.,"BIO SPIN CPF INSTRUMENTACION CIENTIFICA, S.L.",B86461928.,"41.392,00 euros.",OK,https://www.boe.es/diario_boe/txt.php?id=BOE-B-2024-47370
MINISTERIO DE HACIENDA,Dirección del Servicio de Gestión Económica de la Agencia Estatal de la Administración Tributaria,24710059800.,27/12/2024,Contratación,"Mantenimiento preventivo y correctivo de 38 equipos detectores de rayos-X, exploración escáner.",Negociado sin publicidad,Nacional,50600000 Servicios de reparación y mantenimiento,No disponible,No disponible,Dirección del Servicio de Gestión Económica de la Agencia Estatal de la Administración Tributaria.,Q2826000H.,"TELECOMUNICACION, ELECTRONICA Y CONMUTACION SA.",A28166007.,"249.919,43 euros.",OK,https://www.boe.es/diario_boe/txt.php?id=BOE-B-2024-47371
MINISTERIO DE HACIENDA,Dirección del Servicio de Gestión Económica de la Agencia Estatal de la Administración Tributaria,24810072000.,27/12/2024,Contratación,Clases de inglés presencial para directivos.,No disponible,Nacional,80000000 Servicios de enseñanza y formación,No disponible,No disponible,Dirección del Servicio de Gestión Económica de la Agencia Estatal de la Administración Tributaria.,Q2826000H.,"Wheatley Anand Associates, sl.",B64062102.,"9.120,00 euros.",OK,https://www.boe.es/diario_boe/txt.php?id=BOE-B-2024-47372
MINISTERIO DE HACIENDA,"Delegación Especial de la Agencia Tributaria en Andalucía, Ceuta y Melilla",24230082700.,27/12/2024,Contratación,Servicio de limpieza integral de los edificios y centros de la Delegación de la AEAT de Jaén.,Abierto,Andalucía,"90000000 Servicios de alcantarillado, basura, limpieza y medio ambiente 98000000 Otros servicios comunitarios, sociales o personales",No disponible,No disponible,"Delegación Especial de la Agencia Tributaria en Andalucía, Ceuta y Melilla.",Q2826000H.,GESTION Y MANTENIMIENTOS ALFERRO SL.,B21558945.,"244.992,00 euros.",OK,https://www.boe.es/diario_boe/txt.php?id=BOE-B-2024-47373
MINISTERIO DEL INTERIOR,División Económica y Técnica (Cuerpo Nacional de Policía),Z24DT001.P20.,27/12/2024,Contratación,Contratación de suscripción de licencias software forense TRM LABS.,Negociado sin publicidad,Comunidad de Madrid,48000000 Paquetes de software y sistemas de información,No disponible,No disponible,División Económica y Técnica (Cuerpo Nacional de Policía).,S2816015H.,ONDATA INTERNACINAL SL.,B83290551.,"297.800,00 euros.",OK,https://www.boe.es/diario_boe/txt.php?id=BOE-B-2024-47374
MINISTERIO DEL INTERIOR,Dirección General de Tráfico,2DGT1JP00004.,27/12/2024,Licitación,Contratación de un servicio de transporte de examinadores de la Jefatura Provincial de Tráfico de Córdoba.,Abierto,Andalucía,60000000 Servicios de transporte (excluido el transporte de residuos),Q2816003D.,"248.834,25 euros.",No disponible,No disponible,No disponible,No disponible,No disponible,No comprobado,https://www.boe.es/diario_boe/txt.php?id=BOE-B-2024-47375
MINISTERIO DE TRANSPORTES Y MOVILIDAD SOSTENIBLE,Dirección General de Carreteras,C54243364000.,27/12/2024,Contratación,"39-O-6400; 54.519/24. Actuaciones para el desarrollo del plan de acción contra el ruido de la fase II en las carreteras N-632, P.K. 95+780 A 118+200, N-634, P.K. 540+000 A 544+000 Y N-641, P.K. 0+000 A 2+510. Provincia de Asturias. Plan de Recuperación, Transformación y Resiliencia, Next Generation EU.",Abierto,Principado de Asturias,45000000 Trabajos de construcción,No disponible,No disponible,Dirección General de Carreteras.,S2817015G.,"ACEINSA MOVILIDAD, S.A.-ACEINSA CANTÁBRICO, S.A.",No disponible,"927.514,88 euros.",OK,https://www.boe.es/diario_boe/txt.php?id=BOE-B-2024-47376
MINISTERIO DE TRANSPORTES Y MOVILIDAD SOSTENIBLE,Dirección General de Carreteras,C54245046700.,27/12/2024,Licitación,"33-Z-4670; 54.1128/24 Integración urbana de la N-232 en Utebo desde el P.K. 250+000 al 251+960. Provincia de Zaragoza. Plan de Recuperación, Transformación y Resiliencia financiado por la Unión Europea Next Generation EU.",Abierto,Aragón,45000000 Trabajos de construcción,S2817015G.,"8.922.703,96 euros.",No disponible,No disponible,No disponible,No disponible,No disponible,No comprobado,https://www.boe.es/diario_boe/txt.php?id=BOE-B-2024-47377
MINISTERIO DE TRANSPORTES Y MOVILIDAD SOSTENIBLE,Dirección General de Carreteras,C30248630509.,27/12/2024,Licitación,30.1086/24; PYO-556/24 Contrato de servicios de consultoría y asistencia técnica para el control y vigilancia de la obra: 52-V-7660. Provincia de Valencia.,Abierto,Comunidad Valenciana,"71000000 Servicios de arquitectura, construcción, ingeniería e inspección",S2817015G.,"653.172,91 euros.",No disponible,No disponible,No disponible,No disponible,No disponible,No comprobado,https://www.boe.es/diario_boe/txt.php?id=BOE-B-2024-47378
MINISTERIO DE TRANSPORTES Y MOVILIDAD SOSTENIBLE,Dirección General de Carreteras,D54244678450.,27/12/2024,Licitación,"36-V-7845; 54.1043/24 Mejora de la eficiencia energética de la instalación de iluminación a cielo abierto en diversos elementos de las autovías A-3 y A-7. Provincia de Valencia. Plan de Recuperación, Transformación y Resiliencia financiado por la Unión Europea NextGenerationEU.",Abierto,Comunidad Valenciana,45000000 Trabajos de construcción,S2817015G.,"3.443.144,96 euros.",No disponible,No disponible,No disponible,No disponible,No disponible,No comprobado,https://www.boe.es/diario_boe/txt.php?id=BOE-B-2024-47379
MINISTERIO DE TRANSPORTES Y MOVILIDAD SOSTENIBLE,Dirección General de Carreteras,A30248000130.,27/12/2024,Licitación,30.1068/24; EP1-MA-0013 Estudio previo de alternativas de mejora de la Red De Carreteras Del Estado Entre Torremolinos y Torreguadiaro. Provincia de Málaga.,Abierto,Andalucía,"71000000 Servicios de arquitectura, construcción, ingeniería e inspección",S2817015G.,"893.690,00 euros.",No disponible,No disponible,No disponible,No disponible,No disponible,No comprobado,https://www.boe.es/diario_boe/txt.php?id=BOE-B-2024-47380
MINISTERIO DE TRANSPORTES Y MOVILIDAD SOSTENIBLE,ADIF - Presidencia,3.24/27510.0182.,27/12/2024,Licitación,Suministro y transporte de traviesas para la integración del ferrocarril en Sant Feliu de Llobregat (Barcelona).,Abierto,Cataluña,34000000 Equipos de transporte y productos auxiliares,Q2801660H.,"1.556.011,49 euros.",No disponible,No disponible,No disponible,No disponible,No disponible,No comprobado,https://www.boe.es/diario_boe/txt.php?id=BOE-B-2024-47381
MINISTERIO DE TRANSPORTES Y MOVILIDAD SOSTENIBLE,Dirección General de Carreteras,C30242329916.,27/12/2024,Contratación,"30.315/24; AC-507/24. Control y vigilancia de la obra: 33-J-4630: Mejora del entorno urbano de la travesía de Torreperogil en la N-322 del P.K. 154+180 al 154+790. Provincia de Jaén. Plan de Recuperación, Transformación y Resiliencia, Next Generation EU.",Abierto,Andalucía,"71000000 Servicios de arquitectura, construcción, ingeniería e inspección",No disponible,No disponible,Dirección General de Carreteras.,S2817015G.,INCO ESTUDIO TÉCNICO S.L. - PROASUR INGENIERIA CIVIL S.L.P.,No disponible,"295.003,67 euros.",OK,https://www.boe.es/diario_boe/txt.php?id=BOE-B-2024-47382
MINISTERIO DE TRANSPORTES Y MOVILIDAD SOSTENIBLE,ADIF - Presidencia,2.24/30108.0184.,27/12/2024,Licitación,Prestación de servicios auxiliares y complementarios en la estación de Madrid-Puerta de Atocha Almudena Grandes.,Abierto,Comunidad de Madrid,63000000 Servicios de transporte complementarios y auxiliares; servicios de agencias de viajes,Q2801660H.,"266.754,66 euros.",No disponible,No disponible,No disponible,No disponible,No disponible,No comprobado,https://www.boe.es/diario_boe/txt.php?id=BOE-B-2024-47383
MINISTERIO DE TRANSPORTES Y MOVILIDAD SOSTENIBLE,ADIF - Presidencia,3.24/27507.0364.,27/12/2024,Licitación,Servicios para la redacción del proyecto de construcción de acondicionamiento del túnel ferroviario internacional de Somport. Línea Zaragoza-Canfranc-Pau. Obra civil y vía.,Abierto,Aragón,"71000000 Servicios de arquitectura, construcción, ingeniería e inspección",Q2801660H.,"2.285.050,15 euros.",No disponible,No disponible,No disponible,No disponible,No disponible,No comprobado,https://www.boe.es/diario_boe/txt.php?id=BOE-B-2024-47384
MINISTERIO DE TRANSPORTES Y MOVILIDAD SOSTENIBLE,ADIF - Presidencia,2.24/23108.0104.,27/12/2024,Contratación,Servicio de mantenimiento preventivo y correctivo de las instalaciones eléctricas de las terminales de transporte de mercancías del ámbito de la Subdirección de Servicios Logísticos Noreste.,Abierto,Nacional,50700000 Servicios de reparación y mantenimiento,No disponible,No disponible,ADIF - Presidencia.,Q2801660H.,MONTAJES ELECTRICOS GARCIA SL.,B50084961.,"119.990,00 euros.",OK,https://www.boe.es/diario_boe/txt.php?id=BOE-B-2024-47385
MINISTERIO DE TRANSPORTES Y MOVILIDAD SOSTENIBLE,ADIF - Presidencia,3.23/24108.0266.,27/12/2024,Contratación,"Obras del proyecto de ejecución de prolongación, recrecido de andenes e instalación de ascensor en estación de Miranda de Ebro. Burgos.",Abierto,Castilla y León,45000000 Trabajos de construcción,No disponible,No disponible,ADIF - Presidencia.,Q2801660H.,SERANCO SA.,A79189940.,"1.414.000,00 euros.",OK,https://www.boe.es/diario_boe/txt.php?id=BOE-B-2024-47386
MINISTERIO DE TRANSPORTES Y MOVILIDAD SOSTENIBLE,Dirección General de la Marina Mercante,202417320318.,27/12/2024,Licitación,Servicio de consultoría de dirección y servicios conexos para el Sistema de Gestión de Calidad (ISO 9001:2015) desarrollados por la Dirección General de la Marina Mercante.,Abierto,Comunidad de Madrid,"79000000 Servicios a empresas: legislación, mercadotecnia, asesoría, selección de personal, imprenta y seguridad",S2829008H.,"135.415,20 euros.",No disponible,No disponible,No disponible,No disponible,No disponible,No comprobado,https://www.boe.es/diario_boe/txt.php?id=BOE-B-2024-47387
MINISTERIO DE TRANSPORTES Y MOVILIDAD SOSTENIBLE,Junta de Contratación del Ministerio de Transportes y Movilidad Sostenible,24RRN2IN0240.,27/12/2024,Contratación,Servicio de mantenimiento de los sistemas SAS para el tratamiento de la información del Ministerio de Transportes y Movilidad Sostenible.,Abierto,Comunidad de Madrid,"72000000 Servicios TI: consultoría, desarrollo de software, Internet y apoyo",No disponible,No disponible,Junta de Contratación del Ministerio de Transportes y Movilidad Sostenible.,S2800441D.,SAS INSTITUTE.,A79089983.,"8.516,00 euros.",OK,https://www.boe.es/diario_boe/txt.php?id=BOE-B-2024-47388
MINISTERIO DE TRANSPORTES Y MOVILIDAD SOSTENIBLE,ADIF - Presidencia,3.24/46506.0056.,27/12/2024,Licitación,Suministro e instalación de equipamiento para la Puesta en Servicio de Puestos Regionales de Operaciones (PRO). Fase 2.,Abierto,Nacional,"32000000 Equipos de radio, televisión, comunicaciones y telecomunicaciones y equipos conexos",Q2801660H.,"2.181.515,80 euros.",No disponible,No disponible,No disponible,No disponible,No disponible,No comprobado,https://www.boe.es/diario_boe/txt.php?id=BOE-B-2024-47389
MINISTERIO DE TRANSPORTES Y MOVILIDAD SOSTENIBLE,Dirección General de Carreteras,B30240943000.,27/12/2024,Licitación,30.1194/24; 12-BU-4300.ACT Actualización de proyecto de trazado y construcción: Autovía del Duero A-11. Tramo. Castrillo de la Vega - L.P. de Valladolid. Provincia de Burgos.,Abierto,Castilla y León,"71000000 Servicios de arquitectura, construcción, ingeniería e inspección",S2817015G.,"2.694.214,88 euros.",No disponible,No disponible,No disponible,No disponible,No disponible,No comprobado,https://www.boe.es/diario_boe/txt.php?id=BOE-B-2024-47390
MINISTERIO DE TRANSPORTES Y MOVILIDAD SOSTENIBLE,Dirección General de Carreteras,C54241457700.,27/12/2024,Licitación,"39-CO-5770; 54.1190/24. Actuaciones para el desarrollo del Plan de Acción Contra el Ruido de la Fase II en la N-437. Tramo: P.K. 5+140 a 5+840. Provincia de Córdoba. Plan de Recuperación, Transformación y Resiliencia, Next Generation EU.",Abierto,Andalucía,45000000 Trabajos de construcción,S2817015G.,"4.049.122,79 euros.",No disponible,No disponible,No disponible,No disponible,No disponible,No comprobado,https://www.boe.es/diario_boe/txt.php?id=BOE-B-2024-47391
MINISTERIO DE TRANSPORTES Y MOVILIDAD SOSTENIBLE,Dirección General de Carreteras,C54242815020.,27/12/2024,Licitación,"39-M-15020; 54.1215/24. Actuaciones para el desarrollo del Plan de Acción contra el Ruido de la Fase II en la autovía A-5. Tramo: P.K. 12+200 al 7+100.Provincia de Madrid. Plan de Recuperación, Transformación y Resiliencia, Next Generation EU.",Abierto,Comunidad de Madrid,45000000 Trabajos de construcción,S2817015G.,"15.319.673,22 euros.",No disponible,No disponible,No disponible,No disponible,No disponible,No comprobado,https://www.boe.es/diario_boe/txt.php?id=BOE-B-2024-47392
MINISTERIO DE TRANSPORTES Y MOVILIDAD SOSTENIBLE,Dirección General de Carreteras,B30244739000.,27/12/2024,Licitación,"30.1193/24; 12-VA-3900.ACT Actualización del proyecto de trazado y construcción de la autovía A-11, del Duero. Tramo: L.P. de Burgos - Quintanilla de Arriba (Oeste). Provincia de Valladolid.",Abierto,Castilla y León,"71000000 Servicios de arquitectura, construcción, ingeniería e inspección",S2817015G.,"5.377.839,05 euros.",No disponible,No disponible,No disponible,No disponible,No disponible,No comprobado,https://www.boe.es/diario_boe/txt.php?id=BOE-B-2024-47393
MINISTERIO DE TRANSPORTES Y MOVILIDAD SOSTENIBLE,Dirección General de Carreteras,D54249124004.,27/12/2024,Licitación,"OC-SC-24004; 54.1224/24. Ejecución de semaforización actuada basada en inteligencia artificial de la glorieta de Punta Prima en la carretera N-332 pk.51+500. Provincia de Alicante. Plan de Recuperación, Transformación y Resiliencia, Next Generation EU.",Abierto,Comunidad Valenciana,45000000 Trabajos de construcción,S2817015G.,"409.893,13 euros.",No disponible,No disponible,No disponible,No disponible,No disponible,No comprobado,https://www.boe.es/diario_boe/txt.php?id=BOE-B-2024-47394
MINISTERIO PARA LA TRANSICIÓN ECOLÓGICA Y EL RETO DEMOGRÁFICO,Presidencia de la Confederación Hidrográfica del Guadalquivir,CU(SG)-7108.,27/12/2024,Contratación,Contrato de servicios de soporte para la infraestructura de seguridad del fabricante Fortinet en la Confederación Hidrográfica del Guadalquivir.,Abierto,Andalucía,50300000 Servicios de reparación y mantenimiento,No disponible,No disponible,Presidencia de la Confederación Hidrográfica del Guadalquivir.,Q4117001J.,"Telefónica Soluciones de Informática y Comunicaciones de España, SAU.",A78053147.,"33.573,75 euros.",OK,https://www.boe.es/diario_boe/txt.php?id=BOE-B-2024-47395
MINISTERIO PARA LA TRANSICIÓN ECOLÓGICA Y EL RETO DEMOGRÁFICO,Secretaría de Estado de Medio Ambiente,P02.C05.I04.P01.131.E1.,27/12/2024,Contratación,"Rehabilitación y acondicionamiento pasarelas de madera provincia Alicante, en el marco del Plan de Recuperación, Transformación y Resiliencia (PRTR).",Abierto,Comunidad Valenciana,45000000 Trabajos de construcción,No disponible,No disponible,Secretaría de Estado de Medio Ambiente.,S2801401G.,"SIDO MADERA, S.L.",****3948*.,"285.706,11 euros.",OK,https://www.boe.es/diario_boe/txt.php?id=BOE-B-2024-47396
MINISTERIO PARA LA TRANSICIÓN ECOLÓGICA Y EL RETO DEMOGRÁFICO,Secretaría de Estado de Medio Ambiente,P02.C05.I3.P01.A09.21.,27/12/2024,Licitación,"Proyecto 06/22 de digitalización y automatización de la ETAP Sierra de la Espada (MU/Molina de Segura), en el marco del Plan de Recuperación, Transformación y Resiliencia (PRTR).",Abierto,Región de Murcia,45000000 Trabajos de construcción,S2801401G.,"1.161.249,99 euros.",No disponible,No disponible,No disponible,No disponible,No disponible,No comprobado,https://www.boe.es/diario_boe/txt.php?id=BOE-B-2024-47397
MINISTERIO PARA LA TRANSICIÓN ECOLÓGICA Y EL RETO DEMOGRÁFICO,Presidencia de la Confederación Hidrográfica del Ebro,104/24-S.,27/12/2024,Licitación,Redacción de proyecto de automatización y control de la central hidroeléctrica de San José. La Puebla de Castro. Huesca.,Abierto,Aragón,"71000000 Servicios de arquitectura, construcción, ingeniería e inspección",Q5017001H.,"53.716,60 euros.",No disponible,No disponible,No disponible,No disponible,No disponible,No comprobado,https://www.boe.es/diario_boe/txt.php?id=BOE-B-2024-47398
MINISTERIO PARA LA TRANSICIÓN ECOLÓGICA Y EL RETO DEMOGRÁFICO,Presidencia de la Confederación Hidrográfica del Ebro,106/24-OB.,27/12/2024,Licitación,Remodelación del aliviadero del canal margen derecha en Cenicero. Rioja/ Cenicero.,Abierto,La Rioja,45000000 Trabajos de construcción,Q5017001H.,"66.883,24 euros.",No disponible,No disponible,No disponible,No disponible,No disponible,No comprobado,https://www.boe.es/diario_boe/txt.php?id=BOE-B-2024-47399
MINISTERIO DE CULTURA,Dirección del Museo Nacional del Prado,24AAD464.,27/12/2024,Licitación,"Renovación de licencia del CRM HUBSPOT, incluyendo servicios de mantenimiento adaptativo y correctivo.",Abierto,Comunidad de Madrid,"48000000 Paquetes de software y sistemas de información 72000000 Servicios TI: consultoría, desarrollo de software, Internet y apoyo",Q2828018H.,"191.225,40 euros.",No disponible,No disponible,No disponible,No disponible,No disponible,No comprobado,https://www.boe.es/diario_boe/txt.php?id=BOE-B-2024-47400
MINISTERIO DE CULTURA,Dirección del Museo Nacional del Prado,24CA0499.,27/12/2024,Licitación,"Servicio de transporte de la exposición ""Paolo Veronese 1528-1588"".",Abierto,Comunidad de Madrid,60000000 Servicios de transporte (excluido el transporte de residuos),Q2828018H.,"1.300.000,00 euros.",No disponible,No disponible,No disponible,No disponible,No disponible,No comprobado,https://www.boe.es/diario_boe/txt.php?id=BOE-B-2024-47401
MINISTERIO DE SANIDAD,Dirección General de Ordenación Profesional,202412PA0004.,27/12/2024,Contratación,"Servicio de recogida, transporte, custodia, entrega y destrucción de los cuestionarios de examen, hojas de respuesta y otro material, para la convocatoria de pruebas selectivas 2024 para el acceso en el año 2025 a plazas de formación sanitaria especializada.",Abierto,Comunidad de Madrid,63000000 Servicios de transporte complementarios y auxiliares; servicios de agencias de viajes,No disponible,No disponible,Dirección General de Ordenación Profesional.,S2827001E.,PROSEGUR SERVICIOS DE EFECTIVO ESPAÑA S.L.,B86657640.,"187.000,00 euros.",OK,https://www.boe.es/diario_boe/txt.php?id=BOE-B-2024-47402
"MINISTERIO DE CIENCIA, INNOVACIÓN Y UNIVERSIDADES","Presidencia de la Agencia Estatal Consejo Superior de Investigaciones Científicas, M",32709/24.,27/12/2024,Contratación,"Suministro periódico de combustible para el desarrollo de campañas en el Buque Oceanográfico ""Odón de Buen"", perteneciente a la Unidad de Tecnología Marina de la Agencia Estatal Consejo Superior de Investigaciones Científicas.",Abierto,Nacional,"09000000 Derivados del petróleo, combustibles, electricidad y otras fuentes de energía",No disponible,No disponible,"Presidencia de la Agencia Estatal Consejo Superior de Investigaciones Científicas, M.P.",Q2818002D.,Kaleido Logistics SL.,B27716422.,"2.000.000,00 euros.",OK,https://www.boe.es/diario_boe/txt.php?id=BOE-B-2024-47403
"MINISTERIO DE CIENCIA, INNOVACIÓN Y UNIVERSIDADES",Dirección de Barcelona Supercomputing Center - Centro Nacional de Supercomputación (BSC-CNS),CONSER02022034OP.,27/12/2024,Contratación,"Servicio de catering para los actos, reuniones y eventos que celebre el Barcelona Supercomputing Center - Centro Nacional de Supercomputación (BSC-CNS).",No disponible,Cataluña,55000000 Servicios comerciales al por menor de hostelería y restauración,No disponible,No disponible,Dirección de Barcelona Supercomputing Center - Centro Nacional de Supercomputación (BSC-CNS).,S0800099D.,Cafeteria Bar Vertex S.L.,B66163890.,"180.000,00 euros.",OK,https://www.boe.es/diario_boe/txt.php?id=BOE-B-2024-47404
"MINISTERIO DE CIENCIA, INNOVACIÓN Y UNIVERSIDADES",Dirección del Instituto de Salud Carlos III,GG0177/2023.,27/12/2024,Contratación,Servicio de mantenimiento del equipamiento científico específico del CNSA y de los diferentes Centros y Unidades Científico Técnicas del ISCIII.,Abierto,Comunidad de Madrid,50800000 Servicios de reparación y mantenimiento,No disponible,No disponible,Dirección del Instituto de Salud Carlos III.,Q2827015E.,"APLICACIONES TECNOLÓGICAS, S.A.",A46309688.,"72.000,00 euros.",OK,https://www.boe.es/diario_boe/txt.php?id=BOE-B-2024-47405
"MINISTERIO DE CIENCIA, INNOVACIÓN Y UNIVERSIDADES",Secretaría General del Instituto de Salud Carlos III,GG0191/2023.,27/12/2024,Contratación,Servicio de revisión y actualización del Inventario de bienes del Instituto de Salud Carlos III.,Abierto,Comunidad de Madrid,"72000000 Servicios TI: consultoría, desarrollo de software, Internet y apoyo",No disponible,No disponible,Secretaría General del Instituto de Salud Carlos III.,Q2827015E.,INVENTARIA CONSULTING S.L.,B83797324.,"59.500,00 euros.",OK,https://www.boe.es/diario_boe/txt.php?id=BOE-B-2024-47406
"MINISTERIO DE CIENCIA, INNOVACIÓN Y UNIVERSIDADES",Secretaría General del Instituto de Salud Carlos III,GG0260/2023.,27/12/2024,Contratación,Servicio de apoyo técnico a la gestión del mantenimiento de equipamiento científico.,Abierto,Comunidad de Madrid,"71000000 Servicios de arquitectura, construcción, ingeniería e inspección",No disponible,No disponible,Secretaría General del Instituto de Salud Carlos III.,Q2827015E.,"MANTENIMEINTO ELECTROMÉDICO, S.A..",A31116015.,"84.000,00 euros.",OK,https://www.boe.es/diario_boe/txt.php?id=BOE-B-2024-47407
"MINISTERIO DE INCLUSIÓN, SEGURIDAD SOCIAL Y MIGRACIONES",INSS-Dirección provincial de Alicante,03/VC-19/25.,27/12/2024,Contratación,Servicios de mantenimiento y reparación de instalaciones técnicas de climatización y electricidad de la Dirección Provincial del INSS de Alicante 2025.,Abierto,Comunidad Valenciana,50700000 Servicios de reparación y mantenimiento,No disponible,No disponible,INSS-Dirección provincial de Alicante.,Q0319001D.,Juan Carlos Llorca Martínez.,***4982**.,"95.287,37 euros.",OK,https://www.boe.es/diario_boe/txt.php?id=BOE-B-2024-47408
"MINISTERIO DE INCLUSIÓN, SEGURIDAD SOCIAL Y MIGRACIONES",Secretaria General de la Tesorería General de la Seguridad Social,2024/60301S.,27/12/2024,Contratación,Servicios de consultoría para la implantación y desarrollo del modelo genérico de producción estadística en el ámbito de la TGSS.,Abierto,Comunidad de Madrid,73000000 Servicios de investigación y desarrollo y servicios de consultoría conexos,No disponible,No disponible,Secretaria General de la Tesorería General de la Seguridad Social.,Q2827003A.,"DELOITTE CONSULTING, S.L.U.",B81690471.,"715.500,00 euros.",OK,https://www.boe.es/diario_boe/txt.php?id=BOE-B-2024-47409
"MINISTERIO DE INCLUSIÓN, SEGURIDAD SOCIAL Y MIGRACIONES",TGSS-Dirección provincial de Ávila,2024-050018.,27/12/2024,Contratación,Mantenimiento integral Dirección Provincial conjunta TGSS/INSS de Ávila y Nave archivo-almacén de Vicolozano MAR-25 A FEB-26.,Abierto,Castilla y León,50700000 Servicios de reparación y mantenimiento,No disponible,No disponible,TGSS-Dirección provincial de Ávila.,Q0569086B.,"COMSA SERVICE FACILITY MANAGEMENT, S.A.U.",A60470127.,"33.289,61 euros.",OK,https://www.boe.es/diario_boe/txt.php?id=BOE-B-2024-47410
"MINISTERIO DE INCLUSIÓN, SEGURIDAD SOCIAL Y MIGRACIONES",INSS-Dirección provincial de Ourense,32/PASA-0001/25.,27/12/2024,Contratación,"Recogida, destrucción y reciclaje de papel en centros dependientes de la Dirección Provincial del INSS de Ourense.",Abierto,Galicia,"90000000 Servicios de alcantarillado, basura, limpieza y medio ambiente",No disponible,No disponible,INSS-Dirección provincial de Ourense.,Q3269001H.,MARIA DE LOS ANGELES IGLESIAS RODRIGUEZ.,***3038**.,"1.498,80 euros.",OK,https://www.boe.es/diario_boe/txt.php?id=BOE-B-2024-47411
"MINISTERIO DE INCLUSIÓN, SEGURIDAD SOCIAL Y MIGRACIONES",TGSS-Dirección provincial de Ourense,2025/320001.,27/12/2024,Contratación,"Recogida, destrucción y reciclaje de papel en los centros dependientes de la Dirección Provincial de la Tesorería General de la Seguridad Social de Ourense.",Abierto,Galicia,"90000000 Servicios de alcantarillado, basura, limpieza y medio ambiente 92000000 Servicios de esparcimiento, culturales y deportivos",No disponible,No disponible,TGSS-Dirección provincial de Ourense.,Q3269002F.,MARIA DE LOS ANGELES IGLESIAS RODRIGUEZ.,***3038**.,"2.760,00 euros.",OK,https://www.boe.es/diario_boe/txt.php?id=BOE-B-2024-47412
"MINISTERIO DE INCLUSIÓN, SEGURIDAD SOCIAL Y MIGRACIONES",INSS-Dirección provincial de Lleida,25/VC-0308/24.,27/12/2024,Contratación,"Servicios de seguridad y vigilancia privada, sin arma, del edificio sede de la Dirección Provincial del Instituto Nacional de la Seguridad Social de Lleida, para el año 2025.",No disponible,Cataluña,"79000000 Servicios a empresas: legislación, mercadotecnia, asesoría, selección de personal, imprenta y seguridad",No disponible,No disponible,INSS-Dirección provincial de Lleida.,S2519002F.,INOVATIVE SECURITY CONCEPT SLU.,B90320912.,"72.377,35 euros.",OK,https://www.boe.es/diario_boe/txt.php?id=BOE-B-2024-47413
AGENCIA ESPAÑOLA DE PROTECCIÓN DE DATOS,Agencia Española de Protección de Datos,EX20240089.,27/12/2024,Contratación,Suministro de licencias de software de capacitación en concienciación de seguridad.,Abierto,Nacional,48000000 Paquetes de software y sistemas de información,No disponible,No disponible,Agencia Española de Protección de Datos.,Q2813014D.,iot partners digital solutions.,B27848134.,"10.900,00 euros.",OK,https://www.boe.es/diario_boe/txt.php?id=BOE-B-2024-47414
CORTES GENERALES,Mesa del Congreso de los Diputados,CON-P2024/5400012.0.,28/12/2024,Licitación,Suministro de actualizaciones de licencias del software Liferay que se utiliza para la página web e intranet del Congreso de los Diputados.,Abierto,Comunidad de Madrid,"48000000 Paquetes de software y sistemas de información 72000000 Servicios TI: consultoría, desarrollo de software, Internet y apoyo",S2804002J.,"297.000,00 euros.",No disponible,No disponible,No disponible,No disponible,No disponible,No comprobado,https://www.boe.es/diario_boe/txt.php?id=BOE-B-2024-47560
CORTES GENERALES,Mesa del Senado,30/2024.,28/12/2024,Contratación,Servicios integrales de jardinería del Senado.,Abierto,Comunidad de Madrid,"77000000 Servicios agrícolas, forestales, hortícolas, acuícolas y apícolas",No disponible,No disponible,Mesa del Senado.,S2804003H.,CEESUR INTEGRACION SLL.,B84467851.,"30.564,30 euros.",OK,https://www.boe.es/diario_boe/txt.php?id=BOE-B-2024-47561
"MINISTERIO DE LA PRESIDENCIA, JUSTICIA Y RELACIONES CON LAS CORTES",Dirección del Centro de Estudios Jurídicos O,2024/CT013TC.,28/12/2024,Licitación,"Servicio de soporte técnico de sistemas y comunicaciones, y atención a usuarios.",Abierto,Comunidad de Madrid,"72000000 Servicios TI: consultoría, desarrollo de software, Internet y apoyo",Q2813002I.,"225.900,00 euros.",No disponible,No disponible,No disponible,No disponible,No disponible,No comprobado,https://www.boe.es/diario_boe/txt.php?id=BOE-B-2024-47562
MINISTERIO DE DEFENSA,Dirección de Gestión Económica de la Jefatura de Apoyo Logístico de la Armada,2024/AR40U/00003143E.,28/12/2024,Contratación,Redacción proyecto para la construcción centro adiestramiento actividades subacuáticas y escape submarinos armada (CADASESA).,Negociado sin publicidad,Comunidad de Madrid,"71000000 Servicios de arquitectura, construcción, ingeniería e inspección",No disponible,No disponible,Dirección de Gestión Económica de la Jefatura de Apoyo Logístico de la Armada.,S2815004C.,"GHENOVA INGENIERIA, S.L.U.",B91552851.,"289.200,00 euros.",OK,https://www.boe.es/diario_boe/txt.php?id=BOE-B-2024-47563
MINISTERIO DE DEFENSA,Intendente de Cartagena,2024/AR44U/00003756E.,28/12/2024,Contratación,"JEMAN.- ALERTA.-Contrato para la realización de trabajos de varada y de pintura del buque Alerta en el Arsenal Militar de Cartagena"".",Negociado sin publicidad,Región de Murcia,50600000 Servicios de reparación y mantenimiento,No disponible,No disponible,Intendente de Cartagena.,S3015002C.,NAVANTIA S.A.,A84076397.,"1.500.000,00 euros.",OK,https://www.boe.es/diario_boe/txt.php?id=BOE-B-2024-47564
MINISTERIO DE DEFENSA,Jefatura de Intendencia de Asuntos Económicos Este,2024/ETHC00014/00000031E.,28/12/2024,Contratación,Am basado lote 1 ferretería raca20.,No disponible,Aragón,44000000 Estructuras y materiales de construcción; productos auxiliares para la construcción (excepto aparatos eléctricos),No disponible,No disponible,Jefatura de Intendencia de Asuntos Económicos Este.,S0830042H.,SUMINISTROS MERA SL.,B50098771.,"4.123,97 euros.",OK,https://www.boe.es/diario_boe/txt.php?id=BOE-B-2024-47565
MINISTERIO DE DEFENSA,Sección de Asuntos Económicos del Parque y Centro de Mantenimiento de Sistemas Acorazados 2,2023/ETSAE0441/00000497E.,28/12/2024,Contratación,Apoyo al mantenimiento de los vehículos familia VRC Centauro.,No disponible,Castilla y León,50600000 Servicios de reparación y mantenimiento,No disponible,No disponible,Sección de Asuntos Económicos del Parque y Centro de Mantenimiento de Sistemas Acorazados 2.,S4030007A.,UTE SDLE COHEMO.,U42848861.,"330.578,51 euros.",OK,https://www.boe.es/diario_boe/txt.php?id=BOE-B-2024-47566
MINISTERIO DE DEFENSA,Dirección de Gestión Económica de la Jefatura de Apoyo Logístico de la Armada,2024/AR40U/00001727E.,28/12/2024,Contratación,"Adquisicion de armamento HK 416A5, fusil HK 417A2, fusil HK G36 C, brocales salva HK G-36 E, Lanzagranadas fusil HK269 stand alone module, Lanzagranadas HK AG-36, fusil replica blue GUN HK 416 azul, accesorios, repuestos y útiles.",Negociado sin publicidad,Comunidad de Madrid,"35000000 Equipo de seguridad, extinción de incendios, policía y defensa 44000000 Estructuras y materiales de construcción; productos auxiliares para la construcción (excepto aparatos eléctricos)",No disponible,No disponible,Dirección de Gestión Económica de la Jefatura de Apoyo Logístico de la Armada.,S2815004C.,HECKLER & KOCH GMBH.,No disponible,"1.955.232,90 euros.",OK,https://www.boe.es/diario_boe/txt.php?id=BOE-B-2024-47567
MINISTERIO DE DEFENSA,Jefatura de Asuntos Económicos del CG de la Comandancia Gral,2024/ETSAE0287/00000916E.,28/12/2024,Contratación,Adquisición mediante suministro de gasóleo para calefacción para la Base Discontinua Tte. Flomesta (Melilla). 1º semestre. Tramitación Anticipada 2025. (Aplic. 221.02).,Abierto,Ciudad de Melilla,"09000000 Derivados del petróleo, combustibles, electricidad y otras fuentes de energía",No disponible,No disponible,Jefatura de Asuntos Económicos del CG de la Comandancia Gral. de Melilla.,S2930028B.,ON 365 ENERGIA SL.,****2787*.,"0,00 euros.",OK,https://www.boe.es/diario_boe/txt.php?id=BOE-B-2024-47568
MINISTERIO DE DEFENSA,Jefatura de Asuntos Económicos del CG de la Comandancia Gral,2024/ETSAE0287/00001080E.,28/12/2024,Contratación,"Adquisición de Gasóleo ""A"" para automoción primer Trimestre 2025 en Melilla. Aplicación 221.03. Tramitación anticipada.",Abierto,Ciudad de Melilla,"09000000 Derivados del petróleo, combustibles, electricidad y otras fuentes de energía",No disponible,No disponible,Jefatura de Asuntos Económicos del CG de la Comandancia Gral. de Melilla.,S2930028B.,ON 365 ENERGIA SL.,****2787*.,"0,00 euros.",OK,https://www.boe.es/diario_boe/txt.php?id=BOE-B-2024-47569
MINISTERIO DE DEFENSA,Jefatura de la Sección Económico Administrativa 22 - Base Aérea de Torrejón (Agrupación de Base),2024/EA22/00002523E.,28/12/2024,Licitación,PER 051 2024 - Expediente lavadoras y secadoras.,Abierto,Comunidad de Madrid,"98000000 Otros servicios comunitarios, sociales o personales",S2822022F.,"127.272,74 euros.",No disponible,No disponible,No disponible,No disponible,No disponible,No comprobado,https://www.boe.es/diario_boe/txt.php?id=BOE-B-2024-47570
MINISTERIO DE DEFENSA,Dirección de Gestión Económica de la Jefatura de Apoyo Logístico de la Armada,2024/AR40U/00002758E.,28/12/2024,Contratación,Instalación de un (1) RWS CENTINEL 30mm y diez (10) Simuladores en la EE. Antonio de Escaño.,Negociado sin publicidad,Comunidad de Madrid,"35000000 Equipo de seguridad, extinción de incendios, policía y defensa",No disponible,No disponible,Dirección de Gestión Económica de la Jefatura de Apoyo Logístico de la Armada.,S2815004C.,ESCRIBANO MECHANICAL AND ENGINEERING SL.,B81927709.,"1.702.579,21 euros.",OK,https://www.boe.es/diario_boe/txt.php?id=BOE-B-2024-47571
MINISTERIO DE DEFENSA,Sección de Asuntos Económicos del Parque y Centro de Mantenimiento de Sistemas Acorazados 2,2023/ETSAE0441/00000468E.,28/12/2024,Contratación,"Adquisición de material análisis orina para OMP,s.",Abierto,Castilla y León,"33100000 Equipamiento y artículos médicos, farmacéuticos y de higiene personal",No disponible,No disponible,Sección de Asuntos Económicos del Parque y Centro de Mantenimiento de Sistemas Acorazados 2.,S4030007A.,"CONSORCIO MERCANTIL DE HUESCA, S.L.",B22184501.,"45.535,00 euros.",OK,https://www.boe.es/diario_boe/txt.php?id=BOE-B-2024-47572
MINISTERIO DE HACIENDA,Delegación Especial de la Agencia Estatal de la Administración Tributaria en Cantabria,24A60103700.,28/12/2024,Contratación,Suministro de gas natural a diversos centros de trabajo Delegación Especial AEAT Cantabria.,Abierto,Nacional,"09000000 Derivados del petróleo, combustibles, electricidad y otras fuentes de energía",No disponible,No disponible,Delegación Especial de la Agencia Estatal de la Administración Tributaria en Cantabria.,Q2826000H.,Comercializadora de Electricidad y Gas del Mediterraneo S.L.,B93506681.,"5.016,61 euros.",OK,https://www.boe.es/diario_boe/txt.php?id=BOE-B-2024-47573
MINISTERIO DEL INTERIOR,División Económica y Técnica (Cuerpo Nacional de Policía),Z24IM004/P2F.,28/12/2024,Contratación,Robot desactivación de explosivos y contra amenazas NRBQ.,Negociado sin publicidad,Comunidad de Madrid,"35000000 Equipo de seguridad, extinción de incendios, policía y defensa",No disponible,No disponible,División Económica y Técnica (Cuerpo Nacional de Policía).,S2816015H.,IGNITER CONSULTING SL.,B87812665.,"380.550,00 euros.",OK,https://www.boe.es/diario_boe/txt.php?id=BOE-B-2024-47574
MINISTERIO DEL INTERIOR,División Económica y Técnica (Cuerpo Nacional de Policía),Z25AU005.D2F.,28/12/2024,Licitación,Adquisición de sistemas de simulación de conducción de vehículos para su posterior empleo en la formación de la Policía Nacional.,Abierto,Comunidad de Madrid,34000000 Equipos de transporte y productos auxiliares,S2816015H.,"2.030.000,00 euros.",No disponible,No disponible,No disponible,No disponible,No disponible,No comprobado,https://www.boe.es/diario_boe/txt.php?id=BOE-B-2024-47575
MINISTERIO DEL INTERIOR,División Económica y Técnica (Cuerpo Nacional de Policía),Z25AR002/X10.,28/12/2024,Licitación,"Adquisición de un mínimo de 4.760 chalecos integrales de orden público, con destino a Unidades de la Policía Nacional, para los años 2025, 2026, 2027 y 2028.",Abierto,Comunidad de Madrid,"35000000 Equipo de seguridad, extinción de incendios, policía y defensa",S2816015H.,"7.163.800,00 euros.",No disponible,No disponible,No disponible,No disponible,No disponible,No comprobado,https://www.boe.es/diario_boe/txt.php?id=BOE-B-2024-47576
MINISTERIO DE TRANSPORTES Y MOVILIDAD SOSTENIBLE,Dirección General de Carreteras,B54243055700.,28/12/2024,Contratación,41-MU-5570; 54.327/24. Duplicación de la carretera de acceso a la dársena de Escombreras (CT-34) entre los PP.KK. 9+020 Y 9+290. Provincia de Murcia.,Abierto,Región de Murcia,45000000 Trabajos de construcción,No disponible,No disponible,Dirección General de Carreteras.,S2817015G.,"ASCH INFRAESTRUCTURAS Y SERVICIOS, S.A.",A73998346.,"1.062.541,88 euros.",OK,https://www.boe.es/diario_boe/txt.php?id=BOE-B-2024-47577
MINISTERIO DE TRANSPORTES Y MOVILIDAD SOSTENIBLE,Dirección General de Carreteras,C30249330457.,28/12/2024,Licitación,30.1000/24; SV-549/24 Consultoría y asistencia técnica para la gestión técnica de la seguridad viaria de la Red De Carreteras Del Estado en la Subdirección General De Conservación y Gestión De Activos.,Abierto,Nacional,"71000000 Servicios de arquitectura, construcción, ingeniería e inspección",S2817015G.,"2.567.422,89 euros.",No disponible,No disponible,No disponible,No disponible,No disponible,No comprobado,https://www.boe.es/diario_boe/txt.php?id=BOE-B-2024-47578
MINISTERIO DE TRANSPORTES Y MOVILIDAD SOSTENIBLE,Dirección General de Carreteras,C30242929813.,28/12/2024,Contratación,"30.185/24; AC-508/24. Control y vigilancia de las obras: 39-MA-5040 y 39-MA-5060"". Provincia de Málaga. Plan de Recuperación, Transformación y Resiliencia, Next Generation EU.",Abierto,Andalucía,"71000000 Servicios de arquitectura, construcción, ingeniería e inspección",No disponible,No disponible,Dirección General de Carreteras.,S2817015G.,"CENTRO DE ESTUDIOS DE MATERIALES Y CONTROL DE OBRA, S.A (CEMOSA) - ARCS ESTUDIOS Y SERVICIOS TÉCNICOS S.L.",No disponible,"948.086,12 euros.",OK,https://www.boe.es/diario_boe/txt.php?id=BOE-B-2024-47579
MINISTERIO DE TRANSPORTES Y MOVILIDAD SOSTENIBLE,ADIF - Presidencia,3.24/27510.0192.,28/12/2024,Licitación,"Suministro y transporte de traviesas para la renovación integral de vía en el ramal de Villalonquéjar (Burgos) de la línea 100, p.k. 641,181 (frontera) - Madrid Chamartín Clara Campoamor.",Abierto,Castilla y León,34000000 Equipos de transporte y productos auxiliares,Q2801660H.,"1.437.760,00 euros.",No disponible,No disponible,No disponible,No disponible,No disponible,No comprobado,https://www.boe.es/diario_boe/txt.php?id=BOE-B-2024-47580
MINISTERIO DE TRANSPORTES Y MOVILIDAD SOSTENIBLE,ADIF - Presidencia,2.24/04110.0219.,28/12/2024,Licitación,Programa de formación de conducción preventiva de vehículos todoterreno 4X4.,Abierto,"Galicia, Cantabria, Comunidad de Madrid, Cataluña, Comunidad Valenciana, Andalucía",80000000 Servicios de enseñanza y formación,Q2801660H.,No disponible,No disponible,No disponible,No disponible,No disponible,No disponible,No comprobado,https://www.boe.es/diario_boe/txt.php?id=BOE-B-2024-47581
MINISTERIO DE TRANSPORTES Y MOVILIDAD SOSTENIBLE,Dirección de la Agencia Estatal de Seguridad Aérea,2024CPW00096.,28/12/2024,Contratación,"199/A24 Servicios de redaccion proyecto basico y ejecucion, estudio seguridad y salud, direccion y asistencia tecnica obras para consolidacion y restauracion de fachadas y legalizacion obras relativas a instalaciones de climatizacion y carpinteria, expte 711/2019/32439 del Ayuntamiento de Madrid, del edificio sede de la Agencia Estatal de Seguridad Aerea, Paseo de la Castellana, 112, Madrid.",Abierto,Comunidad de Madrid,"71000000 Servicios de arquitectura, construcción, ingeniería e inspección",No disponible,No disponible,Dirección de la Agencia Estatal de Seguridad Aérea.,Q2801615B.,"LAVILA ARQUITECTOS, S.L.P.",B82681859.,"214.011,29 euros.",OK,https://www.boe.es/diario_boe/txt.php?id=BOE-B-2024-47582
MINISTERIO DE TRANSPORTES Y MOVILIDAD SOSTENIBLE,ADIF - Presidencia,3.24/27506.0060.,28/12/2024,Licitación,Servicios para la redacción del proyecto de construcción para la renovación de la línea de ancho métrico C8 de cercanías de Asturias: Trubia-Collanzo.,Abierto,Principado de Asturias,"71000000 Servicios de arquitectura, construcción, ingeniería e inspección",Q2801660H.,"3.155.830,00 euros.",No disponible,No disponible,No disponible,No disponible,No disponible,No comprobado,https://www.boe.es/diario_boe/txt.php?id=BOE-B-2024-47583
MINISTERIO DE TRANSPORTES Y MOVILIDAD SOSTENIBLE,ADIF Alta Velocidad - Consejo de Administración,3.24/20810.0080.,28/12/2024,Licitación,"Ejecución de las obras del proyecto de construcción de refuerzos en pasos superiores existentes en la conexión ferroviaria del corredor mediterráneo con la LAV Madrid - Barcelona - Frontera Francesa, entre Vandellós y Tarragona.",Abierto,Cataluña,45000000 Trabajos de construcción,Q2802152E.,"8.128.384,20 euros.",No disponible,No disponible,No disponible,No disponible,No disponible,No comprobado,https://www.boe.es/diario_boe/txt.php?id=BOE-B-2024-47584
MINISTERIO DE TRANSPORTES Y MOVILIDAD SOSTENIBLE,ADIF Alta Velocidad - Consejo de Administración,3.24/20830.0270.,28/12/2024,Licitación,Suministro e instalación de pantallas para el servicio de información al viajero y explotación comercial en la estación de Madrid Chamartín Clara Campoamor.,Abierto,Comunidad de Madrid,34000000 Equipos de transporte y productos auxiliares,Q2802152E.,"5.900.942,44 euros.",No disponible,No disponible,No disponible,No disponible,No disponible,No comprobado,https://www.boe.es/diario_boe/txt.php?id=BOE-B-2024-47585
MINISTERIO DE TRANSPORTES Y MOVILIDAD SOSTENIBLE,Dirección General de Carreteras,C30242830603.,28/12/2024,Licitación,"30.1212/24; AC-531/24. Consultoría y asistencia técnica para el control y vigilancia de las obras: 39-M-15020 y 39-M-15110. Provincia de Madrid. Plan de Recuperación, Transformación y Resiliencia, Next Generation EU.",Abierto,Comunidad de Madrid,"71000000 Servicios de arquitectura, construcción, ingeniería e inspección",S2817015G.,"673.541,90 euros.",No disponible,No disponible,No disponible,No disponible,No disponible,No comprobado,https://www.boe.es/diario_boe/txt.php?id=BOE-B-2024-47586
MINISTERIO DE TRANSPORTES Y MOVILIDAD SOSTENIBLE,Dirección General de Carreteras,C54243364300.,28/12/2024,Licitación,"39-O-6430; 54.1204/24 Actuaciones para el desarrollo del Plan de Acción contra el Ruido de la Fase II en la autopista AP-66. P.K. 65+500 a 66+500 T.M. de Lena. Provincia de Asturias. Plan de Recuperación, Transformación y Resiliencia, Next Generation EU.",Abierto,Principado de Asturias,45000000 Trabajos de construcción,S2817015G.,"288.039,48 euros.",No disponible,No disponible,No disponible,No disponible,No disponible,No comprobado,https://www.boe.es/diario_boe/txt.php?id=BOE-B-2024-47587
MINISTERIO DE TRANSPORTES Y MOVILIDAD SOSTENIBLE,Dirección General de Carreteras,C30245046700.,28/12/2024,Licitación,"30.1175/24; AC-537/24. Consultoría y asistencia técnica para el control y vigilancia de la obra: 33-Z-4670. Provincia de Zaragoza,. Plan de Recuperación, Transformación y Resiliencia, Next Generation EU.",Abierto,Aragón,"71000000 Servicios de arquitectura, construcción, ingeniería e inspección",S2817015G.,"480.004,50 euros.",No disponible,No disponible,No disponible,No disponible,No disponible,No comprobado,https://www.boe.es/diario_boe/txt.php?id=BOE-B-2024-47588
MINISTERIO PARA LA TRANSICIÓN ECOLÓGICA Y EL RETO DEMOGRÁFICO,Presidencia de la Confederación Hidrográfica del Tajo,23CO0095/NE.,28/12/2024,Contratación,Servicios para el mantenimiento y explotación del sistema integrado de información automática de la Cuenca del Tajo.,Abierto,Comunidad de Madrid,50300000 Servicios de reparación y mantenimiento,No disponible,No disponible,Presidencia de la Confederación Hidrográfica del Tajo.,Q2817005H.,ADASA SISTEMAS SAU - GLOBAL OMNIUM IDRICA SL.,No disponible,"9.312.916,50 euros.",OK,https://www.boe.es/diario_boe/txt.php?id=BOE-B-2024-47589
MINISTERIO DE SANIDAD,Dirección del Instituto Nacional de Gestión Sanitaria (INGESA),PA 2023/082.,28/12/2024,Contratación,"Suministro e instalación de equipos de diagnóstico por ultrasonidos (ecógrafos, doppler, ecoendoscopio), para el nuevo Hospital Universitario de Melilla (HUME).",Abierto,Ciudad de Melilla,"33100000 Equipamiento y artículos médicos, farmacéuticos y de higiene personal",No disponible,No disponible,Dirección del Instituto Nacional de Gestión Sanitaria (INGESA).,Q2869002B.,CANON MEDICAL SYSTEMS S.A.,A28206712.,"118.433,88 euros.",OK,https://www.boe.es/diario_boe/txt.php?id=BOE-B-2024-47590
"MINISTERIO DE CIENCIA, INNOVACIÓN Y UNIVERSIDADES",Secretaría General del Instituto de Salud Carlos III,GG0105/2023.,28/12/2024,Contratación,Servicio de mantenimiento del equipamiento científico técnico específico de los distintos Centros y Unidades Científico Técnicas del ISCIII.,Abierto,Comunidad de Madrid,50800000 Servicios de reparación y mantenimiento,No disponible,No disponible,Secretaría General del Instituto de Salud Carlos III.,Q2827015E.,Izasa Scientific S.L.U.,B66350281.,"16.084,68 euros.",OK,https://www.boe.es/diario_boe/txt.php?id=BOE-B-2024-47591
"MINISTERIO DE CIENCIA, INNOVACIÓN Y UNIVERSIDADES",Secretaría General del Instituto de Salud Carlos III,GG0130/2023.,28/12/2024,Contratación,Suministro de pipetas y pipeteadores para los laboratorios de los centros del ISCIII.,Abierto,Comunidad de Madrid,"38000000 Equipo de laboratorio, óptico y de precisión (excepto gafas)",No disponible,No disponible,Secretaría General del Instituto de Salud Carlos III.,Q2827015E.,FISHER SCIENTIFIC S.L.,B84498955.,"3.230,00 euros.",OK,https://www.boe.es/diario_boe/txt.php?id=BOE-B-2024-47592
"MINISTERIO DE CIENCIA, INNOVACIÓN Y UNIVERSIDADES",Dirección del Instituto de Salud Carlos III,GG0161/2023.,28/12/2024,Contratación,"Suministro de espectrómetros de masas y equipos para la automatización de muestras en el marco del Plan de Recuperación, Transformación y Resiliencia.",Abierto,Comunidad de Madrid,"38000000 Equipo de laboratorio, óptico y de precisión (excepto gafas)",No disponible,No disponible,Dirección del Instituto de Salud Carlos III.,Q2827015E.,Thermo Fisher Scientific SLU.,B28954170.,"892.616,61 euros.",OK,https://www.boe.es/diario_boe/txt.php?id=BOE-B-2024-47593
"MINISTERIO DE CIENCIA, INNOVACIÓN Y UNIVERSIDADES",Dirección del Instituto de Salud Carlos III,GG0161/2023.,28/12/2024,Contratación,"Suministro de espectrómetros de masas y equipos para la automatización de muestras en el marco del Plan de Recuperación, Transformación y Resiliencia.",Abierto,Comunidad de Madrid,"38000000 Equipo de laboratorio, óptico y de precisión (excepto gafas)",No disponible,No disponible,Dirección del Instituto de Salud Carlos III.,Q2827015E.,Thermo Fisher Scientific SLU.,B28954170.,"892.616,61 euros.",OK,https://www.boe.es/diario_boe/txt.php?id=BOE-B-2024-47594
"MINISTERIO DE INCLUSIÓN, SEGURIDAD SOCIAL Y MIGRACIONES",Instituto Social de la Marina -Dirección Provincial de Las Palmas,352024PA1010.,28/12/2024,Contratación,"Suministro, instalación y puesta en funcionamiento de varios simuladores para el taller eléctrico del Instituto de Formación Profesional Marítimo Pesquero de Las Palmas de Gran Canaria.",Abierto,Canarias,"31000000 Máquinas, aparatos, equipo y productos consumibles eléctricos; iluminación 34000000 Equipos de transporte y productos auxiliares",No disponible,No disponible,Instituto Social de la Marina -Dirección Provincial de Las Palmas.,Q3519003B.,MONDRAGON LINGUA-ALECOP S.COOP.,F72523962.,"66.500,00 euros.",OK,https://www.boe.es/diario_boe/txt.php?id=BOE-B-2024-47595
MINISTERIO PARA LA TRANSFORMACIÓN DIGITAL Y DE LA FUNCIÓN PÚBLICA,Dirección General de la Entidad Pública Empresarial RED,012/24-CO.,28/12/2024,Contratación,Servicio para la organización del pabellón de España en MWC Barcelona 2025.,Abierto,Comunidad de Madrid,"79000000 Servicios a empresas: legislación, mercadotecnia, asesoría, selección de personal, imprenta y seguridad",No disponible,No disponible,Dirección General de la Entidad Pública Empresarial RED.ES.,Q2891006E.,ABBSOLUTE COMUNICACION S.L.,B91348755.,"1.107.816,00 euros.",OK,https://www.boe.es/diario_boe/txt.php?id=BOE-B-2024-47596
AGENCIA ESPAÑOLA DE PROTECCIÓN DE DATOS,Agencia Española de Protección de Datos,EX20240092.,28/12/2024,Contratación,"Servicio de mantenimiento y evolución de diversos aplicativos de gestión de la AEPD (S.G. Inspección de Datos, Gabinete Jurídico y Servicio de RR.HH.).",Restringido,Nacional,"72000000 Servicios TI: consultoría, desarrollo de software, Internet y apoyo",No disponible,No disponible,Agencia Española de Protección de Datos.,Q2813014D.,"GESEIN, S.L.",B80595747.,"772.200,00 euros.",OK,https://www.boe.es/diario_boe/txt.php?id=BOE-B-2024-47597
TRIBUNAL CONSTITUCIONAL,Tribunal Constitucional,2024/00166.,31/12/2024,Contratación,Servicios de comunicaciones de voz (telefonía fija y móvil) y de datos corporativos.,Abierto,Comunidad de Madrid,64000000 Servicios de correos y telecomunicaciones,No disponible,No disponible,Tribunal Constitucional.,S2813013F.,"ORANGE ESPAGNE, S.A.U.",A82009812.,"356.905,00 euros.",OK,https://www.boe.es/diario_boe/txt.php?id=BOE-B-2024-47700
MINISTERIO DE DEFENSA,Dirección General del INTA,582024076800.,31/12/2024,Licitación,Asistencia técnica de ingeniería para la ampliación de capacidades del centro de ensayos Torregorda.,Abierto,Andalucía,"71000000 Servicios de arquitectura, construcción, ingeniería e inspección",Q2822003F.,"1.806.623,64 euros.",No disponible,No disponible,No disponible,No disponible,No disponible,No comprobado,https://www.boe.es/diario_boe/txt.php?id=BOE-B-2024-47701
MINISTERIO DE DEFENSA,Jefatura de la Sección Económico Administrativa 15 Agrupación del Cuartel General del Ejército del Aire,2024/EA15/00004297.,31/12/2024,Contratación,Suministro de monturas de lentes graduadas y gafas de sol.,Restringido,Comunidad de Madrid,"33100000 Equipamiento y artículos médicos, farmacéuticos y de higiene personal 33600000 Equipamiento y artículos médicos, farmacéuticos y de higiene personal 33700000 Equipamiento y artículos médicos, farmacéuticos y de higiene personal 85000000 Servicios de salud y asistencia social",No disponible,No disponible,Jefatura de la Sección Económico Administrativa 15 Agrupación del Cuartel General del Ejército del Aire.,S2830149G.,"Prooptica Iberia, SL.",B87486031.,"80,00 euros.",OK,https://www.boe.es/diario_boe/txt.php?id=BOE-B-2024-47702
MINISTERIO DE DEFENSA,Dirección General del INTA,582024052100.,31/12/2024,Contratación,Instrumentación para el laboratorio de efectores móvil CETEDEX.,Abierto,Comunidad de Madrid,"31000000 Máquinas, aparatos, equipo y productos consumibles eléctricos; iluminación",No disponible,No disponible,Dirección General del INTA.,Q2822003F.,JUAN CARLOS MAYORAL AGUILAR.,***0920**.,"16.875,00 euros.",OK,https://www.boe.es/diario_boe/txt.php?id=BOE-B-2024-47703
MINISTERIO DE DEFENSA,Intendencia de Madrid,2024/AR21U/00002795E.,31/12/2024,Contratación,Suministro de Diverso Material Ferretería Ámbito JESAT.,Abierto,Comunidad de Madrid,44000000 Estructuras y materiales de construcción; productos auxiliares para la construcción (excepto aparatos eléctricos),No disponible,No disponible,Intendencia de Madrid.,S2815001I.,Advantage Servicios y Diseños.,B87748539.,"49.586,78 euros.",OK,https://www.boe.es/diario_boe/txt.php?id=BOE-B-2024-47704
MINISTERIO DE DEFENSA,Jefatura de la Sección Económico-Administrativa 45 - Aeródromo Militar de León,2024/EA45/00000989E.,31/12/2024,Contratación,"Suministro de carne, embutidos, aves, huevos y caza desde el 01 de diciembre de 2024 a 31 de marzo de 2025. 3 lotes.",Abierto,Castilla y León,"15000000 Alimentos, bebidas, tabaco y productos afines",No disponible,No disponible,Jefatura de la Sección Económico-Administrativa 45 - Aeródromo Militar de León.,S2422001D.,"CARNICERIA LUIS DE LA FUENTE, SL.",B24334252.,"27.272,73 euros.",OK,https://www.boe.es/diario_boe/txt.php?id=BOE-B-2024-47705
MINISTERIO DE DEFENSA,Intendencia de Madrid,2024/AR21U/00002797E.,31/12/2024,Contratación,(02J) TA Suministro de diverso material de fontaneria y climatizacion ámbito JESAT.,Abierto,Comunidad de Madrid,44000000 Estructuras y materiales de construcción; productos auxiliares para la construcción (excepto aparatos eléctricos),No disponible,No disponible,Intendencia de Madrid.,S2815001I.,Advantage Servicios y Diseños.,B87748539.,"28.925,62 euros.",OK,https://www.boe.es/diario_boe/txt.php?id=BOE-B-2024-47706
MINISTERIO DE DEFENSA,Intendente de Ferrol,2024/AR42U/00002162E.,31/12/2024,Contratación,"CM-5149-P-24. ARFER, Redacción proyecto de modernización del edificio del del Museo Naval de Ferrol.",Abierto,Galicia,"71000000 Servicios de arquitectura, construcción, ingeniería e inspección",No disponible,No disponible,Intendente de Ferrol.,S1515003J.,Francisco Jorquera - Arquitecto.,***7079**.,"27.335,00 euros.",OK,https://www.boe.es/diario_boe/txt.php?id=BOE-B-2024-47707
MINISTERIO DE DEFENSA,Jefatura de Intendencia de Asuntos Económicos Centro,2024/ETSAE0038/00002533E.,31/12/2024,Licitación,Construcción alojamiento MPTM Base Militar el Goloso (TC: 101-03/23).,Abierto,"Castilla y León, Castilla-La Mancha",45000000 Trabajos de construcción,S2830158H.,"6.637.935,10 euros.",No disponible,No disponible,No disponible,No disponible,No disponible,No comprobado,https://www.boe.es/diario_boe/txt.php?id=BOE-B-2024-47708
MINISTERIO DE DEFENSA,Dirección de Adquisiciones del Mando de Apoyo Logístico del Ejército del Aire y del Espacio,2024/EA02/000001107E.,31/12/2024,Licitación,202463A1 Acuerdo Marco para el mantenimiento equipos de apoyo.,Abierto,Nacional,50600000 Servicios de reparación y mantenimiento,S2830189C.,"13.305.785,12 euros.",No disponible,No disponible,No disponible,No disponible,No disponible,No comprobado,https://www.boe.es/diario_boe/txt.php?id=BOE-B-2024-47709
MINISTERIO DE DEFENSA,Intendente de Rota,2024/AR46U/00001327E.,31/12/2024,Contratación,Redacción de proyecto de construcción de un edificio de ampliación de residencias logísticas en la BN de Rota.,Abierto,Andalucía,"71000000 Servicios de arquitectura, construcción, ingeniería e inspección",No disponible,No disponible,Intendente de Rota.,S2800147G.,"INGENIERÍA, ESTUDIOS Y PROYECTOS EUROPEOS S.L.",****2920*.,"107.977,69 euros.",OK,https://www.boe.es/diario_boe/txt.php?id=BOE-B-2024-47710
MINISTERIO DE DEFENSA,Jefatura de Asuntos Económicos del Estado Mayor de la Defensa,2024/SP02004000/00000595E.,31/12/2024,Contratación,Contrato de auxiliares de servicio y control para el CESEDEN.,Abierto,Comunidad de Madrid,"98000000 Otros servicios comunitarios, sociales o personales",No disponible,No disponible,Jefatura de Asuntos Económicos del Estado Mayor de la Defensa.,S2830083H.,"INTEGRA MANTENIMIENTO GESTION Y SERVICIOS INTEGRADOS CENTRO ESPECIAL DE EMPLEO, S.L.",B82992744.,"11.427,31 euros.",OK,https://www.boe.es/diario_boe/txt.php?id=BOE-B-2024-47711
MINISTERIO DE DEFENSA,Jefatura de Asuntos Económicos del Estado Mayor de la Defensa,2024/SP02002001/00002613E.,31/12/2024,Contratación,Contratación de un Servicio de Conserje para el Cuartel General del Estado Mayor de la Defensa.,Abierto,Comunidad de Madrid,"98000000 Otros servicios comunitarios, sociales o personales",No disponible,No disponible,Jefatura de Asuntos Económicos del Estado Mayor de la Defensa.,S2830083H.,"INTEGRA MANTENIMIENTO GESTION Y SERVICIOS INTEGRADOS CENTRO ESPECIAL DE EMPLEO, S.L.",B82992744.,"7.472,04 euros.",OK,https://www.boe.es/diario_boe/txt.php?id=BOE-B-2024-47712
MINISTERIO DE DEFENSA,Jefatura de Asuntos Económicos del Mando de Apoyo Logístico,2024/ETSAE0906/00002902E.,31/12/2024,Contratación,2025 ANTICIPADA -Adquisición repuestos para TR 90.,Negociado con publicidad,Comunidad de Madrid,"35000000 Equipo de seguridad, extinción de incendios, policía y defensa",No disponible,No disponible,Jefatura de Asuntos Económicos del Mando de Apoyo Logístico.,S2800811H.,"INSTALAZA, S.A.",A50002609.,"82.637,11 euros.",OK,https://www.boe.es/diario_boe/txt.php?id=BOE-B-2024-47713
MINISTERIO DE DEFENSA,Jefatura de la Sección Económico Administrativa 22 - Base Aérea de Torrejón (Agrupación de Base),2024/EA22/00001561E.,31/12/2024,Contratación,Adquisición de productos de limpieza para la Base Aérea de Torrejón.,Abierto,Comunidad de Madrid,"39000000 Mobiliario (incluido el de oficina), complementos de mobiliario, aparatos electrodomésticos (excluida la iluminación) y productos de limpieza",No disponible,No disponible,Jefatura de la Sección Económico Administrativa 22 - Base Aérea de Torrejón (Agrupación de Base).,S2822022F.,JMA MADRID SERVICIOS Y MANTENIMIENTO S.L.,B87297057.,"33.746,28 euros.",OK,https://www.boe.es/diario_boe/txt.php?id=BOE-B-2024-47714
MINISTERIO DE DEFENSA,Jefatura de Asuntos Económicos del Mando de Apoyo Logístico,2024/ETSAE0906/00005056E.,31/12/2024,Contratación,Prendas de uniformes tradicionales de la legión y paracaidista. LOTE 2 Anualidad 2025.,Abierto,Comunidad de Madrid,"18000000 Prendas de vestir, calzado, artículos de viaje y accesorios",No disponible,No disponible,Jefatura de Asuntos Económicos del Mando de Apoyo Logístico.,S2800811H.,Fabrica Española de Confecciones S.A.,A28030062.,"89.988,48 euros.",OK,https://www.boe.es/diario_boe/txt.php?id=BOE-B-2024-47715
MINISTERIO DE DEFENSA,Jefatura de Asuntos Económicos del Mando de Apoyo Logístico,2024/ETSAE0906/00004204E.,31/12/2024,Licitación,Adquisición de mochilas BRIPAC de salto.,Abierto,Comunidad de Madrid,"18000000 Prendas de vestir, calzado, artículos de viaje y accesorios",S2800811H.,"714.000,00 euros.",No disponible,No disponible,No disponible,No disponible,No disponible,No comprobado,https://www.boe.es/diario_boe/txt.php?id=BOE-B-2024-47716
MINISTERIO DE DEFENSA,"Instituto de Vivienda, Infraestructura y Equipamiento de la Defensa (INVIED)",202400000301.,31/12/2024,Licitación,Realización de modelos digitales de realidad virtual 3D y levantamientos topográficos de las propiedades del Ministerio de Defensa gestionadas por el INVIED O.A.,Abierto,Nacional,"71000000 Servicios de arquitectura, construcción, ingeniería e inspección",Q2801824J.,"398.520,00 euros.",No disponible,No disponible,No disponible,No disponible,No disponible,No comprobado,https://www.boe.es/diario_boe/txt.php?id=BOE-B-2024-47717
MINISTERIO DE DEFENSA,Jefatura de la Sección Económico Administrativa 15 Agrupación del Cuartel General del Ejército del Aire,2024/EA15/00003856.,31/12/2024,Contratación,CE SDA Alquiler de autobuses con conductor para la realización de servicios extraordinarios.,Restringido,Comunidad de Madrid,60000000 Servicios de transporte (excluido el transporte de residuos),No disponible,No disponible,Jefatura de la Sección Económico Administrativa 15 Agrupación del Cuartel General del Ejército del Aire.,S2830149G.,THE BUS ONTIME S.L.,B80510761.,"28.647,35 euros.",OK,https://www.boe.es/diario_boe/txt.php?id=BOE-B-2024-47718
MINISTERIO DE HACIENDA,Delegación de Economía y Hacienda en Salamanca,02SA25DEHVIG.,31/12/2024,Licitación,"Servicio de vigilancia y seguridad en el edificio de la Delegación de Economía y Hacienda en Salamanca y otras unidades administrativas de la Administración del Estado, sito en Pl. de la Constitución, nº 1, de Salamanca.",Abierto,Castilla y León,"79000000 Servicios a empresas: legislación, mercadotecnia, asesoría, selección de personal, imprenta y seguridad",S3726005F.,No disponible,No disponible,No disponible,No disponible,No disponible,No disponible,No comprobado,https://www.boe.es/diario_boe/txt.php?id=BOE-B-2024-47719
MINISTERIO DE HACIENDA,Delegación de Economía y Hacienda en Salamanca,01SA25DEHLIM.,31/12/2024,Licitación,"Servicio de limpieza del edificio sede de la Delegación de Economía y Hacienda en Salamanca y otros organismos públicos, Plaza de la Constitución nº 1 de Salamanca, mediante adjudicación por procedimiento abierto.",Abierto,Castilla y León,"90000000 Servicios de alcantarillado, basura, limpieza y medio ambiente",S3726005F.,"140.495,86 euros.",No disponible,No disponible,No disponible,No disponible,No disponible,No comprobado,https://www.boe.es/diario_boe/txt.php?id=BOE-B-2024-47720
MINISTERIO DEL INTERIOR,División Económica y Técnica (Cuerpo Nacional de Policía),Z25IN013/D40.,31/12/2024,Licitación,"Contratación de asistencia técnica en tecnologías de nube privada virtualizada OpenStack y Kubernetes 2025-2027, para el Área de Informática.",Abierto,Comunidad de Madrid,"72000000 Servicios TI: consultoría, desarrollo de software, Internet y apoyo",S2816015H.,"1.269.744,00 euros.",No disponible,No disponible,No disponible,No disponible,No disponible,No comprobado,https://www.boe.es/diario_boe/txt.php?id=BOE-B-2024-47721
MINISTERIO DEL INTERIOR,División Económica y Técnica (Cuerpo Nacional de Policía),Z25IN014/D4F.,31/12/2024,Licitación,"Contratación de asistencia técnica en implementación de procesos de calidad en sistemas informáticos 2025-2027, para el Área de Informática.",Abierto,Comunidad de Madrid,"72000000 Servicios TI: consultoría, desarrollo de software, Internet y apoyo",S2816015H.,"2.309.731,96 euros.",No disponible,No disponible,No disponible,No disponible,No disponible,No comprobado,https://www.boe.es/diario_boe/txt.php?id=BOE-B-2024-47722
MINISTERIO DEL INTERIOR,División Económica y Técnica (Cuerpo Nacional de Policía),Z25VE004/S10.,31/12/2024,Licitación,"Adquisición de chaquetas de operaciones de unidades de investigación, destinadas a los integrantes de la Policía Nacional.",Abierto,Comunidad de Madrid,"18000000 Prendas de vestir, calzado, artículos de viaje y accesorios",S2816015H.,"2.125.000,00 euros.",No disponible,No disponible,No disponible,No disponible,No disponible,No comprobado,https://www.boe.es/diario_boe/txt.php?id=BOE-B-2024-47723
MINISTERIO DEL INTERIOR,Dirección General de Tráfico,4DGT6A000110.,31/12/2024,Licitación,"Suministro de una serie de seis evaluadores de las adaptaciones necesarias en los vehículos de los conductores con discapacidad motora, y su mantenimiento correctivo y evolutivo durante dos años.",Abierto,Nacional,34000000 Equipos de transporte y productos auxiliares,Q2816003D.,"550.760,33 euros.",No disponible,No disponible,No disponible,No disponible,No disponible,No comprobado,https://www.boe.es/diario_boe/txt.php?id=BOE-B-2024-47724
MINISTERIO DEL INTERIOR,Comandancia Guardia Civil de Almería,GC/AL/2023/01.,31/12/2024,Contratación,Prestación y explotación del servicio de cafetería en el Acuartelamiento de laComandancia de la Guardia Civil de Almería.,Restringido,Andalucía,"15000000 Alimentos, bebidas, tabaco y productos afines 42000000 Maquinaria industrial 55000000 Servicios comerciales al por menor de hostelería y restauración",No disponible,No disponible,Comandancia Guardia Civil de Almería.,S0416003B.,Oceano Catering S.L.,B01982016.,"226,82 euros.",OK,https://www.boe.es/diario_boe/txt.php?id=BOE-B-2024-47725
MINISTERIO DE TRANSPORTES Y MOVILIDAD SOSTENIBLE,ADIF Alta Velocidad - Presidencia,3.24/20810.0083.,31/12/2024,Licitación,Servicios de consultoría y assitencia técnica para el proyecto constructivo de renovación de equipos de energía en los edificios técnicos de señalización en el tramo Madrid-Lleida de la LAV Madrid- Barcelona-Figueras.,Abierto,Nacional,"71000000 Servicios de arquitectura, construcción, ingeniería e inspección",Q2802152E.,"528.665,81 euros.",No disponible,No disponible,No disponible,No disponible,No disponible,No comprobado,https://www.boe.es/diario_boe/txt.php?id=BOE-B-2024-47726
MINISTERIO DE TRANSPORTES Y MOVILIDAD SOSTENIBLE,Dirección General del Sector Ferroviario,2024F9030230.,31/12/2024,Licitación,"Contrato de servicios para la redacción de Estudios de viabilidad de implantación de nuevos apeaderos de Cercanías en Almussafes, Elche Parque Empresarial, Seseña y Fuencarral-Norte.",Abierto,Comunidad de Madrid,"71000000 Servicios de arquitectura, construcción, ingeniería e inspección",S2800159B.,"275.000,00 euros.",No disponible,No disponible,No disponible,No disponible,No disponible,No comprobado,https://www.boe.es/diario_boe/txt.php?id=BOE-B-2024-47727
MINISTERIO DE TRANSPORTES Y MOVILIDAD SOSTENIBLE,ADIF - Presidencia,3.24/27510.0098.,31/12/2024,Contratación,"Suministro y transporte de traviesas para la ampliación de vías de apartado hasta una longitud útil de 750 m, en estaciones de la línea de doble vía de ancho ibérico que une Madrid con Barcelona. Estaciones en Guadalajara: Humanes de Mohernando, Jadraque y Sigüenza. Estaciones en Soria: Arcos de Jalón.",Abierto,"Castilla y León, Castilla-La Mancha",34000000 Equipos de transporte y productos auxiliares,No disponible,No disponible,ADIF - Presidencia.,Q2801660H.,PREFABRICACIONES Y CONTRATAS SAU.,A28135358.,"1.608.290,80 euros.",OK,https://www.boe.es/diario_boe/txt.php?id=BOE-B-2024-47728
MINISTERIO DE TRANSPORTES Y MOVILIDAD SOSTENIBLE,ADIF Alta Velocidad - Presidencia,3.24/20830.0268.,31/12/2024,Licitación,Servicios para la redacción de los proyectos básico y constructivo de una base de montaje y acopios para el montaje de vía de la LAV Palencia- Santander. Tramo: Palencia-Alar del Rey.,Abierto,Castilla y León,"71000000 Servicios de arquitectura, construcción, ingeniería e inspección",Q2802152E.,"901.232,62 euros.",No disponible,No disponible,No disponible,No disponible,No disponible,No comprobado,https://www.boe.es/diario_boe/txt.php?id=BOE-B-2024-47729
MINISTERIO DE TRANSPORTES Y MOVILIDAD SOSTENIBLE,ADIF - Presidencia,3.24/27510.0194.,31/12/2024,Licitación,Suministro de equipos de ensayo en subestaciones de tracción.,Abierto,Comunidad de Madrid,"31000000 Máquinas, aparatos, equipo y productos consumibles eléctricos; iluminación",Q2801660H.,"76.949,00 euros.",No disponible,No disponible,No disponible,No disponible,No disponible,No comprobado,https://www.boe.es/diario_boe/txt.php?id=BOE-B-2024-47730
MINISTERIO DE TRANSPORTES Y MOVILIDAD SOSTENIBLE,ADIF -Consejo de Administración,4.24/27507.0303.,31/12/2024,Licitación,"Ejecución de obra de instalación de los detectores de caída de objetos a la vía (DCO) en L600 Valencia Nord - Cambiador Boella, L400 Alcázar de San Juan - Cádiz, L822 Zamora - A Coruña, L824 Redondela - Santiago de Compostela y L850 Vigo Urzaiz - Bifurcación Arcade.",Abierto,Nacional,45000000 Trabajos de construcción,Q2801660H.,"30.614.347,90 euros.",No disponible,No disponible,No disponible,No disponible,No disponible,No comprobado,https://www.boe.es/diario_boe/txt.php?id=BOE-B-2024-47731
MINISTERIO DE TRANSPORTES Y MOVILIDAD SOSTENIBLE,Dirección General de Carreteras,C30243003080.,31/12/2024,Licitación,"51-MU-0308; 30.1142/24; Conservación y explotación de las carreteras y obras menores relacionadas con esos servicios, en el sector MU-03. Provincia de Murcia.",Abierto,Región de Murcia,50200000 Servicios de reparación y mantenimiento,S2817015G.,"14.925.801,58 euros.",No disponible,No disponible,No disponible,No disponible,No disponible,No comprobado,https://www.boe.es/diario_boe/txt.php?id=BOE-B-2024-47732
MINISTERIO DE TRANSPORTES Y MOVILIDAD SOSTENIBLE,Dirección General de Carreteras,D30249330325.,31/12/2024,Licitación,AT-SC-24003; 30.827/24 Asistencia técnica para la gestión técnica de los proyectos y obras de la Subdirección General de Sostenibilidad e Innovación.,Abierto,Nacional,"71000000 Servicios de arquitectura, construcción, ingeniería e inspección",S2817015G.,"3.347.340,42 euros.",No disponible,No disponible,No disponible,No disponible,No disponible,No comprobado,https://www.boe.es/diario_boe/txt.php?id=BOE-B-2024-47733
MINISTERIO DE TRANSPORTES Y MOVILIDAD SOSTENIBLE,Dirección General de Carreteras,C30249330418.,31/12/2024,Licitación,"30.1012/24; AC-551/24; Realización de inspecciones principales, especiales e inventarios de obras de paso existentes en la Red de Carreteras del Estado (4 Lotes).",Abierto,Nacional,"50200000 Servicios de reparación y mantenimiento 71000000 Servicios de arquitectura, construcción, ingeniería e inspección",S2817015G.,"36.254.690,57 euros.",No disponible,No disponible,No disponible,No disponible,No disponible,No comprobado,https://www.boe.es/diario_boe/txt.php?id=BOE-B-2024-47734
MINISTERIO DE TRANSPORTES Y MOVILIDAD SOSTENIBLE,Dirección General de Carreteras,B30242259200.,31/12/2024,Licitación,"30.1228/24; 12-HU-5920.ACT Actualización del proyecto de trazado y construcción: Autovía A-21, de los Pirineos. Tramo: Puente de la Reina de Jaca - Fago (L.P. Huesca - Zaragoza). Provincia de Huesca.",Abierto,Aragón,"71000000 Servicios de arquitectura, construcción, ingeniería e inspección",S2817015G.,"2.512.344,58 euros.",No disponible,No disponible,No disponible,No disponible,No disponible,No comprobado,https://www.boe.es/diario_boe/txt.php?id=BOE-B-2024-47735
MINISTERIO DE TRANSPORTES Y MOVILIDAD SOSTENIBLE,Dirección General de Carreteras,C54242815110.,31/12/2024,Licitación,"39-M-15110; 54.1229/24. Actuaciones para el desarrollo del Plan de Acción contra el Ruido fase II en la autovía A-1. P.K. 12+900 a 17+200. Provincia de Madrid. Plan de Recuperación, Transformación y Resiliencia, Next Generation EU.",Abierto,Comunidad de Madrid,45000000 Trabajos de construcción,S2817015G.,"12.432.688,44 euros.",No disponible,No disponible,No disponible,No disponible,No disponible,No comprobado,https://www.boe.es/diario_boe/txt.php?id=BOE-B-2024-47736
MINISTERIO DE TRANSPORTES Y MOVILIDAD SOSTENIBLE,Dirección General de Carreteras,D30249030602.,31/12/2024,Licitación,30.1218/24; SI-007/24; Consultoría y asistencia técnica para el análisis y estudios innovadores para la mejora de la seguridad viaria en la R.C.E.,Abierto,Nacional,50200000 Servicios de reparación y mantenimiento,S2817015G.,"2.897.645,98 euros.",No disponible,No disponible,No disponible,No disponible,No disponible,No comprobado,https://www.boe.es/diario_boe/txt.php?id=BOE-B-2024-47737
MINISTERIO DE TRANSPORTES Y MOVILIDAD SOSTENIBLE,Dirección General de Carreteras,B30244538900.,31/12/2024,Licitación,30.1196/24; 12-TO-3890 Redacción de proyecto. Autovía A-40. Tramo: Toledo-Ocaña. Ramal de conexión entre la TO-23 y la TO-22. Provincia de Toledo.,Abierto,Castilla-La Mancha,"71000000 Servicios de arquitectura, construcción, ingeniería e inspección",S2817015G.,"756.984,84 euros.",No disponible,No disponible,No disponible,No disponible,No disponible,No comprobado,https://www.boe.es/diario_boe/txt.php?id=BOE-B-2024-47738
MINISTERIO DE TRANSPORTES Y MOVILIDAD SOSTENIBLE,Dirección General de Carreteras,C30240852300.,31/12/2024,Licitación,30.1188/24; AC-557/244 Consultoría y asistencia técnica para el control y vigilancia de la obra: 38-B-5230. Provincia de Barcelona.,Abierto,Cataluña,"71000000 Servicios de arquitectura, construcción, ingeniería e inspección",S2817015G.,"363.675,60 euros.",No disponible,No disponible,No disponible,No disponible,No disponible,No comprobado,https://www.boe.es/diario_boe/txt.php?id=BOE-B-2024-47739
MINISTERIO DE TRANSPORTES Y MOVILIDAD SOSTENIBLE,Dirección General del Sector Ferroviario,2024F8030240.,31/12/2024,Licitación,Contrato de servicios para la redacción del Estudio de Viabilidad del Corredor ferroviario de la Costa del Sol.,Abierto,Comunidad de Madrid,"71000000 Servicios de arquitectura, construcción, ingeniería e inspección",S2800159B.,"993.650,00 euros.",No disponible,No disponible,No disponible,No disponible,No disponible,No comprobado,https://www.boe.es/diario_boe/txt.php?id=BOE-B-2024-47740
MINISTERIO DE TRANSPORTES Y MOVILIDAD SOSTENIBLE,Dirección General de Carreteras,B30244674500.,31/12/2024,Licitación,30.1214/24; 15-V-7450 Remodelación del enlace de Massalavés en la autovía A-7. Provincia de Valencia.,Abierto,Comunidad Valenciana,"71000000 Servicios de arquitectura, construcción, ingeniería e inspección",S2817015G.,"563.498,03 euros.",No disponible,No disponible,No disponible,No disponible,No disponible,No comprobado,https://www.boe.es/diario_boe/txt.php?id=BOE-B-2024-47741
MINISTERIO DE TRANSPORTES Y MOVILIDAD SOSTENIBLE,Dirección General de Carreteras,C54242446600.,31/12/2024,Licitación,"32-LE-4660; 54.920/24 Rehabilitación estructural del firme en la autovía A-6 entre los P.K. 335,000 al 355,000 CI. Tramo Puerto de Manzanal. Provincia de León.",Abierto,Castilla y León,45000000 Trabajos de construcción,S2817015G.,"12.237.829,54 euros.",No disponible,No disponible,No disponible,No disponible,No disponible,No comprobado,https://www.boe.es/diario_boe/txt.php?id=BOE-B-2024-47742
MINISTERIO DE TRANSPORTES Y MOVILIDAD SOSTENIBLE,Dirección General de Carreteras,C54242749200.,31/12/2024,Licitación,32-LU-4920; 54.1019/24 Rehabilitación estructural del firme en la autovía A-6 entre los PP.KK. 480+000 al 540+440. Calzada izquierda. Provincia de Lugo.,Abierto,Galicia,45000000 Trabajos de construcción,S2817015G.,"25.177.232,30 euros.",No disponible,No disponible,No disponible,No disponible,No disponible,No comprobado,https://www.boe.es/diario_boe/txt.php?id=BOE-B-2024-47743
"MINISTERIO DE EDUCACIÓN, FORMACIÓN PROFESIONAL Y DEPORTES","Junta de Contratación del Ministerio de Educación, Formación Profesional y Deportes",J240035A.,31/12/2024,Licitación,"Asistencia técnica para los trabajos de control interno de las operaciones cofinanciadas con Fondos Europeos controladas por el Organismo Intermedio del Ministerio de Educación, Formación Profesional y Deportes.",Abierto,Nacional,"79000000 Servicios a empresas: legislación, mercadotecnia, asesoría, selección de personal, imprenta y seguridad",S2818001F.,"2.912.880,34 euros.",No disponible,No disponible,No disponible,No disponible,No disponible,No comprobado,https://www.boe.es/diario_boe/txt.php?id=BOE-B-2024-47744
"MINISTERIO DE EDUCACIÓN, FORMACIÓN PROFESIONAL Y DEPORTES","Junta de Contratación del Ministerio de Educación, Formación Profesional y Deportes",J240031A.,31/12/2024,Licitación,"Servicio de asistencia a los usuarios y microinformática en materia de tecnologías de la información y las comunicaciones del Ministerio de Educación, Formación Profesional y Deportes.",Abierto,Nacional,"72000000 Servicios TI: consultoría, desarrollo de software, Internet y apoyo",S2818001F.,"2.462.963,35 euros.",No disponible,No disponible,No disponible,No disponible,No disponible,No comprobado,https://www.boe.es/diario_boe/txt.php?id=BOE-B-2024-47745
"MINISTERIO DE EDUCACIÓN, FORMACIÓN PROFESIONAL Y DEPORTES","Junta de Contratación del Ministerio de Educación, Formación Profesional y Deportes",J240034A.,31/12/2024,Licitación,Servicios necesarios para la promoción del atractivo y la calidad de la formación profesional a través de la competición de Formación Profesional EuroSkills Herning 2025.,Abierto,Nacional,"79000000 Servicios a empresas: legislación, mercadotecnia, asesoría, selección de personal, imprenta y seguridad",S2818001F.,No disponible,No disponible,No disponible,No disponible,No disponible,No disponible,No comprobado,https://www.boe.es/diario_boe/txt.php?id=BOE-B-2024-47746
"MINISTERIO DE EDUCACIÓN, FORMACIÓN PROFESIONAL Y DEPORTES","Junta de Contratación del Ministerio de Educación, Formación Profesional y Deportes",J240036A.,31/12/2024,Licitación,"Servicios de operación y asistencia de la oficina de ciberseguridad del Ministerio de Educación, Formación Profesional y Deportes.",Abierto,Comunidad de Madrid,"72000000 Servicios TI: consultoría, desarrollo de software, Internet y apoyo",S2818001F.,"735.925,40 euros.",No disponible,No disponible,No disponible,No disponible,No disponible,No comprobado,https://www.boe.es/diario_boe/txt.php?id=BOE-B-2024-47747
MINISTERIO DE TRABAJO Y ECONOMÍA SOCIAL,Dirección General del Servicio Público de Empleo Estatal,PA 2/25.,31/12/2024,Licitación,Servicios generales y de administración para el desarrollo del Plan de actividades de la RED EURES España.,Abierto,Comunidad de Madrid,"79000000 Servicios a empresas: legislación, mercadotecnia, asesoría, selección de personal, imprenta y seguridad",Q2819009H.,No disponible,No disponible,No disponible,No disponible,No disponible,No disponible,No comprobado,https://www.boe.es/diario_boe/txt.php?id=BOE-B-2024-47748
MINISTERIO DE TRABAJO Y ECONOMÍA SOCIAL,Dirección General del Servicio Público de Empleo Estatal,IPA 10/24.,31/12/2024,Contratación,Mantenimiento de sistemas y equipos informáticos (hardware y software de base) en el Servicio Público de Empleo Estatal.,Abierto,Comunidad de Madrid,50300000 Servicios de reparación y mantenimiento,No disponible,No disponible,Dirección General del Servicio Público de Empleo Estatal.,Q2819009H.,COS Mantenimiento SA.,A81585838.,"887.994,00 euros.",OK,https://www.boe.es/diario_boe/txt.php?id=BOE-B-2024-47749
MINISTERIO DE TRABAJO Y ECONOMÍA SOCIAL,Dirección Provincial del Servicio Público de Empleo Estatal en Guadalajara,4/2024.,31/12/2024,Contratación,"Limpieza y aseo; desinsectación, desinfectación y desratización;reciclaje (alquiler de jaulas) de las dependencias del EASM.",Abierto,Castilla-La Mancha,"90000000 Servicios de alcantarillado, basura, limpieza y medio ambiente",No disponible,No disponible,Dirección Provincial del Servicio Público de Empleo Estatal en Guadalajara.,Q1919005G.,EMPLEDIS SL.,B02228203.,"85.397,92 euros.",OK,https://www.boe.es/diario_boe/txt.php?id=BOE-B-2024-47750
MINISTERIO DE TRABAJO Y ECONOMÍA SOCIAL,Dirección Provincial del Servicio Público de Empleo Estatal en Guadalajara,5/2024.,31/12/2024,Contratación,Servicio de vigilancia y seguridad del edificio administrativo de servicios múltiples de Guadalajara.,No disponible,Castilla-La Mancha,"79000000 Servicios a empresas: legislación, mercadotecnia, asesoría, selección de personal, imprenta y seguridad",No disponible,No disponible,Dirección Provincial del Servicio Público de Empleo Estatal en Guadalajara.,Q1919005G.,VISEGUR S.A.,A78051984.,"37.000,00 euros.",OK,https://www.boe.es/diario_boe/txt.php?id=BOE-B-2024-47751
MINISTERIO PARA LA TRANSICIÓN ECOLÓGICA Y EL RETO DEMOGRÁFICO,Secretaría de Estado de Medio Ambiente,P02.C05.I2.P01.S09.A01.01.,31/12/2024,Licitación,"Actualización y revisión de la cartografía de las zonas inundables en las vegas media y baja del río Segura, en el marco del Plan de Recuperación, Transformación y Resiliencia (PRTR).",Abierto,Nacional,"71000000 Servicios de arquitectura, construcción, ingeniería e inspección",S2801401G.,"1.571.348,73 euros.",No disponible,No disponible,No disponible,No disponible,No disponible,No comprobado,https://www.boe.es/diario_boe/txt.php?id=BOE-B-2024-47752
MINISTERIO PARA LA TRANSICIÓN ECOLÓGICA Y EL RETO DEMOGRÁFICO,Presidencia de la Confederación Hidrográfica del Guadiana,202400000080.,31/12/2024,Contratación,"Delimitación mediante técnica de teledetección de las superficies de cultivos regados y estimación de los consumos en la Demarcación Hidrográfica del Guadiana. Sistemas Oriental, Central y Ardila. Años 2025, 2026 y 2027.",Abierto,Nacional,"71000000 Servicios de arquitectura, construcción, ingeniería e inspección",No disponible,No disponible,Presidencia de la Confederación Hidrográfica del Guadiana.,Q0617001C.,"IGM, ingenieria y gestión medioambiental, s.l.",B81655607.,"331.837,46 euros.",OK,https://www.boe.es/diario_boe/txt.php?id=BOE-B-2024-47753
MINISTERIO PARA LA TRANSICIÓN ECOLÓGICA Y EL RETO DEMOGRÁFICO,Secretaría de Estado de Medio Ambiente,P04.C11.I4.P02.S06.A03.,31/12/2024,Licitación,"Proyecto 04/22 de Acondicionamiento de instalaciones de climatización, iluminación y cambio de carpintería exterior en el laboratorio de calidad de aguas (ZG/Zaragoza), en el marco del Plan de Recuperación, Transformación y Resiliencia (PRTR).",Abierto,Aragón,45000000 Trabajos de construcción,S2801401G.,"366.765,02 euros.",No disponible,No disponible,No disponible,No disponible,No disponible,No comprobado,https://www.boe.es/diario_boe/txt.php?id=BOE-B-2024-47754
MINISTERIO DE CULTURA,Dirección del Museo Nacional del Prado,24AA0361.,31/12/2024,Contratación,Servicio de mantenimiento de los equipos y sistemas electrónicos de la red de seguridad de los edificios que componen el campus del Museo Nacional del Prado.,Abierto,Comunidad de Madrid,50600000 Servicios de reparación y mantenimiento,No disponible,No disponible,Dirección del Museo Nacional del Prado.,Q2828018H.,IMAN Seguridad S.A.,A59919480.,"164.678,00 euros.",OK,https://www.boe.es/diario_boe/txt.php?id=BOE-B-2024-47755
MINISTERIO DE CULTURA,Dirección General del Instituto Nacional de las Artes Escénicas y de la Música,MSA240084.,31/12/2024,Contratación,"El servicio de soporte y asistencia técnica a los usuarios del sistema de documentación y gestión museográfica DOMUS, de la red CER.ES y de las aplicaciones relacionadas con sistemas de información en el Museo Nacional del Teatro .",Abierto,Castilla-La Mancha,"72000000 Servicios TI: consultoría, desarrollo de software, Internet y apoyo",No disponible,No disponible,Dirección General del Instituto Nacional de las Artes Escénicas y de la Música.,Q2818024H.,"NETCHECK, S.A.",A82904574.,"6.865,00 euros.",OK,https://www.boe.es/diario_boe/txt.php?id=BOE-B-2024-47756
"MINISTERIO DE ECONOMÍA, COMERCIO Y EMPRESA",Secretaría General del Tesoro y Financiación Internacional,202400000062.,31/12/2024,Contratación,Servicio de comunicaciones de la plataforma Editran.,Negociado sin publicidad,Comunidad de Madrid,"66000000 Servicios financieros y de seguros 72000000 Servicios TI: consultoría, desarrollo de software, Internet y apoyo",No disponible,No disponible,Secretaría General del Tesoro y Financiación Internacional.,S2826011E.,"Indra Soluciones Tecnologías de la Información, S.L.U.",B88018098.,"36.857,47 euros.",OK,https://www.boe.es/diario_boe/txt.php?id=BOE-B-2024-47757
MINISTERIO DE SANIDAD,Dirección del Instituto Nacional de Gestión Sanitaria (INGESA),PA 2023/108.,31/12/2024,Contratación,"Suministro, instalación y puesta en funcionamiento de equipamiento de laboratorio, campanas y anatomía patológica, con destino al Hospital Universitario de Melilla (HUME).",Abierto,Ciudad de Melilla,"33100000 Equipamiento y artículos médicos, farmacéuticos y de higiene personal",No disponible,No disponible,Dirección del Instituto Nacional de Gestión Sanitaria (INGESA).,Q2869002B.,"MENARINI DIAGNOSTICOS, S.A.",A08534638.,"25.237,34 euros.",OK,https://www.boe.es/diario_boe/txt.php?id=BOE-B-2024-47758
MINISTERIO DE SANIDAD,Dirección del Instituto Nacional de Gestión Sanitaria (INGESA),PA 2023/058.,31/12/2024,Contratación,"Suministro e instalación de mesas quirúrgicas, torres de cirugía, equipos de anestesia y de asistencia pulmonar, para el nuevo Hospital Universitario de Melilla (HUME).",Abierto,Ciudad de Melilla,"33100000 Equipamiento y artículos médicos, farmacéuticos y de higiene personal",No disponible,No disponible,Dirección del Instituto Nacional de Gestión Sanitaria (INGESA).,Q2869002B.,"DRÄGER HISPANIA , S.A.",A28063485.,"371.789,16 euros.",OK,https://www.boe.es/diario_boe/txt.php?id=BOE-B-2024-47759
"MINISTERIO DE DERECHOS SOCIALES, CONSUMO Y AGENDA 2030",Subdirección General de la Oficina Presupuestaria y Gestión Económica,242910PA0003.,31/12/2024,Licitación,"El objeto del presente contrato es el servicio para soporte de las actuaciones de la Subdirección General de Inspección del Juego en el marco de la homologación, inspección y monitorización de los sistemas técnicos del juego.",Abierto,Comunidad de Madrid,"72000000 Servicios TI: consultoría, desarrollo de software, Internet y apoyo",S2801445D.,"1.298.246,40 euros.",No disponible,No disponible,No disponible,No disponible,No disponible,No comprobado,https://www.boe.es/diario_boe/txt.php?id=BOE-B-2024-47762
"MINISTERIO DE DERECHOS SOCIALES, CONSUMO Y AGENDA 2030",Subdirección General de la Oficina Presupuestaria y Gestión Económica,242950PA0003.,31/12/2024,Licitación,El objeto del contrato será prestar servicios de asistencia técnica para la realización de un estudio que permita evaluar la situación actual de los cuidados de larga duración ofrecidos a las personas mayores con demencia y sus familias.,Abierto,Comunidad de Madrid,"71000000 Servicios de arquitectura, construcción, ingeniería e inspección",S2801445D.,"459.043,04 euros.",No disponible,No disponible,No disponible,No disponible,No disponible,No comprobado,https://www.boe.es/diario_boe/txt.php?id=BOE-B-2024-47763
"MINISTERIO DE CIENCIA, INNOVACIÓN Y UNIVERSIDADES",Secretaría General del Instituto de Salud Carlos III,IN0011/2023.,31/12/2024,Contratación,"Servicio de mantenimiento de elementos de red de cableado de voz y datos del ISCIII en el marco del Plan de Recuperación, Transformación y Resiliencia .",Abierto,Comunidad de Madrid,50300000 Servicios de reparación y mantenimiento,No disponible,No disponible,Secretaría General del Instituto de Salud Carlos III.,Q2827015E.,ELECNOR SERVICIOS y PROYECTOS SAU.,A79486833.,"18.000,00 euros.",OK,https://www.boe.es/diario_boe/txt.php?id=BOE-B-2024-47764
"MINISTERIO DE CIENCIA, INNOVACIÓN Y UNIVERSIDADES","Dirección General del Centro de Investigaciones Energéticas, Medioambientales y Tecnológicas (CIEMAT)",299441-Obra.,31/12/2024,Contratación,"Obra para la adaptación del sistema de detección y extinción de incendios a la distribución actual de racks en las salas CPD y UPS del edificio 22 del CIEMAT - Madrid, y legalización en conjunto con la del edificio (P-2107).",Abierto,Comunidad de Madrid,45000000 Trabajos de construcción,No disponible,No disponible,"Dirección General del Centro de Investigaciones Energéticas, Medioambientales y Tecnológicas (CIEMAT).",Q2820002J.,"EIFFAGE ENERGÍA, S.L.U.",B02272490.,"371.381,14 euros.",OK,https://www.boe.es/diario_boe/txt.php?id=BOE-B-2024-47765
"MINISTERIO DE CIENCIA, INNOVACIÓN Y UNIVERSIDADES","Presidencia de la Agencia Estatal Consejo Superior de Investigaciones Científicas, M",32582/24.,31/12/2024,Contratación,"Servicio técnico de medida, análisis y control del estado hídrico y nutricional del suelo, destinado al Centro de Edafología y Biología Aplicada del Segura de la Agencia Estatal Consejo Superior de Investigaciones Científicas.",Abierto,Región de Murcia,73000000 Servicios de investigación y desarrollo y servicios de consultoría conexos,No disponible,No disponible,"Presidencia de la Agencia Estatal Consejo Superior de Investigaciones Científicas, M.P.",Q2818002D.,LIBELIUM LAB SL.,B73816589.,"228.967,00 euros.",OK,https://www.boe.es/diario_boe/txt.php?id=BOE-B-2024-47766
"MINISTERIO DE CIENCIA, INNOVACIÓN Y UNIVERSIDADES","Presidencia de la Agencia Estatal Consejo Superior de Investigaciones Científicas, M",LOT70/24.,31/12/2024,Contratación,"Suministro e instalación de equipamiento para análisis de proteínas por el método Kjeldahl, y grasas por el método Soxhlet. Financiado por la Unión Europea NextGenerationEU por el Mecanismo de Recuperación y Resiliencia. Proyecto: ThinkInAzul con destino al Centro Oceanográfico de Santander .",Abierto,Cantabria,"38000000 Equipo de laboratorio, óptico y de precisión (excepto gafas)",No disponible,No disponible,"Presidencia de la Agencia Estatal Consejo Superior de Investigaciones Científicas, M.P.",Q2818002D.,"Foss Iberia, S.A.U.",A08912909.,"38.500,00 euros.",OK,https://www.boe.es/diario_boe/txt.php?id=BOE-B-2024-47767
"MINISTERIO DE CIENCIA, INNOVACIÓN Y UNIVERSIDADES",Secretaría General del Instituto de Salud Carlos III,IN0087/2023.,31/12/2024,Contratación,"Contratación de servicios para el mantenimiento preventivo, correctivo, evolutivo y adaptativo de la aplicación de NEDAES en el ISCIII.",Abierto,Comunidad de Madrid,"72000000 Servicios TI: consultoría, desarrollo de software, Internet y apoyo",No disponible,No disponible,Secretaría General del Instituto de Salud Carlos III.,Q2827015E.,ALTIA Consultores.,A15456585.,"4.872,00 euros.",OK,https://www.boe.es/diario_boe/txt.php?id=BOE-B-2024-47768
"MINISTERIO DE CIENCIA, INNOVACIÓN Y UNIVERSIDADES",Secretaría General del Instituto de Salud Carlos III,IN0098/2023.,31/12/2024,Contratación,"Servicio de mantenimiento correctivo, preventivo, adaptativo y perfectivo de las instalaciones de la sala de computación (CPD) en el campus de Chamartín .",Abierto,Comunidad de Madrid,50300000 Servicios de reparación y mantenimiento,No disponible,No disponible,Secretaría General del Instituto de Salud Carlos III.,Q2827015E.,Fujitsu Technology Solutions SA.,A28472819.,"61.000,00 euros.",OK,https://www.boe.es/diario_boe/txt.php?id=BOE-B-2024-47769
"MINISTERIO DE INCLUSIÓN, SEGURIDAD SOCIAL Y MIGRACIONES",TGSS-Dirección provincial de Pontevedra,2024/360105.,31/12/2024,Contratación,Adquisición ropa de trabajo.,Abierto,Galicia,"18000000 Prendas de vestir, calzado, artículos de viaje y accesorios",No disponible,No disponible,TGSS-Dirección provincial de Pontevedra.,Q3619001E.,"COSTA OESTE DEL ATLANTICO, S.L.",B36946002.,"2.378,75 euros.",OK,https://www.boe.es/diario_boe/txt.php?id=BOE-B-2024-47770
"MINISTERIO DE INCLUSIÓN, SEGURIDAD SOCIAL Y MIGRACIONES",TGSS-Dirección provincial de Asturias,2024/330024.,31/12/2024,Contratación,"Servicio de portes de los edificios de la sede central, centros y locales dependientes de la Dirección Provincial de la Tesorería General de la Seguridad Social de Asturias, durante el período 1 de enero a 31 de diciembre de 2025.",Abierto,Principado de Asturias,60000000 Servicios de transporte (excluido el transporte de residuos),No disponible,No disponible,TGSS-Dirección provincial de Asturias.,Q3319013C.,DELCOM OPERADOR LOGISTICO SA.,A74030693.,"43.552,74 euros.",OK,https://www.boe.es/diario_boe/txt.php?id=BOE-B-2024-47771
"MINISTERIO DE INCLUSIÓN, SEGURIDAD SOCIAL Y MIGRACIONES",INSS-Dirección provincial de Pontevedra,36/VC-249/24/SE/PA.,31/12/2024,Contratación,Seguridad y vigilancia del edificio sede de la D.P. INSS Pontevedra y determinados Centros dependientes de la misma. 12 meses a contar desde 1 de enero de 2025 o fecha formalización contrato.,No disponible,Galicia,"79000000 Servicios a empresas: legislación, mercadotecnia, asesoría, selección de personal, imprenta y seguridad",No disponible,No disponible,INSS-Dirección provincial de Pontevedra.,Q3619003A.,"Servicios SPR Vilanova, SL.",B36597276.,"424.224,00 euros.",OK,https://www.boe.es/diario_boe/txt.php?id=BOE-B-2024-47772
"MINISTERIO DE INCLUSIÓN, SEGURIDAD SOCIAL Y MIGRACIONES",TGSS-Dirección provincial de Tenerife,38/PA/2025/02.,31/12/2024,Contratación,Mantenimiento integral de las instalaciones y servicios.,Abierto,Canarias,50700000 Servicios de reparación y mantenimiento,No disponible,No disponible,TGSS-Dirección provincial de Tenerife.,Q3869007I.,EULEN SA.,A28517308.,"476.886,27 euros.",OK,https://www.boe.es/diario_boe/txt.php?id=BOE-B-2024-47773
"MINISTERIO DE INCLUSIÓN, SEGURIDAD SOCIAL Y MIGRACIONES",INSS-Dirección provincial de Ourense,32/PR-01/25.,31/12/2024,Contratación,Prórroga del contrato 32/PASA-0001/24 de servicio de traducción de documentos para la DP del INSS de Ourense 01/01/2025-31/12/2025.,Abierto,Galicia,"79000000 Servicios a empresas: legislación, mercadotecnia, asesoría, selección de personal, imprenta y seguridad",No disponible,No disponible,INSS-Dirección provincial de Ourense.,Q3269001H.,ISABEL MARÍA CANTOS PADILLA.,05195509Q.,"4.950,00 euros.",OK,https://www.boe.es/diario_boe/txt.php?id=BOE-B-2024-47774
"MINISTERIO DE INCLUSIÓN, SEGURIDAD SOCIAL Y MIGRACIONES",INSS-Dirección provincial de Ourense,32/PR-02/25.,31/12/2024,Contratación,Prórroga del contrato del servicio de mantenimiento de los sistemas y equipos de climatización instalados en los centros dependientes de la Dirección Provincial del INSS de Ourense 01/01/2025-31/12/2025.,Abierto,Galicia,50700000 Servicios de reparación y mantenimiento,No disponible,No disponible,INSS-Dirección provincial de Ourense.,Q3269001H.,VEOLIA SERVICIOS NORTE SAU.,A15208408.,"9.235,00 euros.",OK,https://www.boe.es/diario_boe/txt.php?id=BOE-B-2024-47775
"MINISTERIO DE INCLUSIÓN, SEGURIDAD SOCIAL Y MIGRACIONES",Instituto Social de la Marina -Dirección Provincial de Castellón,12/2024/PA/1007.,31/12/2024,Contratación,Servicio de limpieza y DDD año 2025.,Abierto,Comunidad Valenciana,"90000000 Servicios de alcantarillado, basura, limpieza y medio ambiente",No disponible,No disponible,Instituto Social de la Marina -Dirección Provincial de Castellón.,Q1219001C.,Novus Centro Empleo S.L.,No disponible,"35.655,49 euros.",OK,https://www.boe.es/diario_boe/txt.php?id=BOE-B-2024-47776
